adm_0_name,Year,week,dengue_total,source_file,Notes
SUDAN,2022,30,0,"https://applications.emro.who.int/docs/EPI/2022/2224-4220-2022-1552-eng.pdf?ua=1#:~:text=Monitor%20applications,have%20been%20reported",
SUDAN,2022,31,52,"https://applications.emro.who.int/docs/EPI/2022/2224-4220-2022-1552-eng.pdf?ua=1#:~:text=Monitor%20applications,have%20been%20reported",
SUDAN,2022,32,161,"https://applications.emro.who.int/docs/EPI/2022/2224-4220-2022-1552-eng.pdf?ua=1#:~:text=Monitor%20applications,have%20been%20reported",
SUDAN,2022,33,119,"https://applications.emro.who.int/docs/EPI/2022/2224-4220-2022-1552-eng.pdf?ua=1#:~:text=Monitor%20applications,have%20been%20reported",
SUDAN,2022,34,55,"https://applications.emro.who.int/docs/EPI/2022/2224-4220-2022-1552-eng.pdf?ua=1#:~:text=Monitor%20applications,have%20been%20reported",
SUDAN,2022,35,50,"https://applications.emro.who.int/docs/EPI/2022/2224-4220-2022-1552-eng.pdf?ua=1#:~:text=Monitor%20applications,have%20been%20reported",
SUDAN,2022,36,91,"https://applications.emro.who.int/docs/EPI/2022/2224-4220-2022-1552-eng.pdf?ua=1#:~:text=Monitor%20applications,have%20been%20reported",
SUDAN,2022,37,81,"https://applications.emro.who.int/docs/EPI/2022/2224-4220-2022-1552-eng.pdf?ua=1#:~:text=Monitor%20applications,have%20been%20reported",
SUDAN,2022,38,44,"https://applications.emro.who.int/docs/EPI/2022/2224-4220-2022-1552-eng.pdf?ua=1#:~:text=Monitor%20applications,have%20been%20reported",
SUDAN,2022,39,74,"https://applications.emro.who.int/docs/EPI/2022/2224-4220-2022-1552-eng.pdf?ua=1#:~:text=Monitor%20applications,have%20been%20reported",
SUDAN,2022,40,189,"https://applications.emro.who.int/docs/EPI/2022/2224-4220-2022-1552-eng.pdf?ua=1#:~:text=Monitor%20applications,have%20been%20reported",
SUDAN,2022,41,196,"https://applications.emro.who.int/docs/EPI/2022/2224-4220-2022-1552-eng.pdf?ua=1#:~:text=Monitor%20applications,have%20been%20reported",
SUDAN,2022,42,326,"https://applications.emro.who.int/docs/EPI/2022/2224-4220-2022-1552-eng.pdf?ua=1#:~:text=Monitor%20applications,have%20been%20reported",
SUDAN,2022,43,468,"https://applications.emro.who.int/docs/EPI/2022/2224-4220-2022-1552-eng.pdf?ua=1#:~:text=Monitor%20applications,have%20been%20reported",
SUDAN,2022,44,662,"https://applications.emro.who.int/docs/EPI/2022/2224-4220-2022-1552-eng.pdf?ua=1#:~:text=Monitor%20applications,have%20been%20reported",
SUDAN,2022,45,709,"https://applications.emro.who.int/docs/EPI/2022/2224-4220-2022-1552-eng.pdf?ua=1#:~:text=Monitor%20applications,have%20been%20reported",
SUDAN,2022,46,629,"https://applications.emro.who.int/docs/EPI/2022/2224-4220-2022-1552-eng.pdf?ua=1#:~:text=Monitor%20applications,have%20been%20reported",
SUDAN,2022,47,529,"https://applications.emro.who.int/docs/EPI/2022/2224-4220-2022-1552-eng.pdf?ua=1#:~:text=Monitor%20applications,have%20been%20reported",
SUDAN,2022,48,409,"https://applications.emro.who.int/docs/EPI/2022/2224-4220-2022-1552-eng.pdf?ua=1#:~:text=Monitor%20applications,have%20been%20reported",
SUDAN,2022,49,235,"https://applications.emro.who.int/docs/EPI/2022/2224-4220-2022-1552-eng.pdf?ua=1#:~:text=Monitor%20applications,have%20been%20reported",
SUDAN,2022,50,95,"https://applications.emro.who.int/docs/EPI/2022/2224-4220-2022-1552-eng.pdf?ua=1#:~:text=Monitor%20applications,have%20been%20reported",
SUDAN,2022,51,13,"https://applications.emro.who.int/docs/EPI/2022/2224-4220-2022-1552-eng.pdf?ua=1#:~:text=Monitor%20applications,have%20been%20reported",
AFGHANISTAN,2023,1,16,WHOEMRO-AFG-2023-W02-52,
AFGHANISTAN,2023,2,13,WHOEMRO-AFG-2023-W02-52,
AFGHANISTAN,2023,3,5,WHOEMRO-AFG-2023-W02-52,
AFGHANISTAN,2023,4,9,WHOEMRO-AFG-2023-W02-52,
AFGHANISTAN,2023,5,7,WHOEMRO-AFG-2023-W02-52,
AFGHANISTAN,2023,6,9,WHOEMRO-AFG-2023-W02-52,
AFGHANISTAN,2023,7,10,WHOEMRO-AFG-2023-W02-52,
AFGHANISTAN,2023,8,11,WHOEMRO-AFG-2023-W02-52,
AFGHANISTAN,2023,9,10,WHOEMRO-AFG-2023-W02-52,
AFGHANISTAN,2023,10,14,WHOEMRO-AFG-2023-W02-52,
AFGHANISTAN,2023,11,21,WHOEMRO-AFG-2023-W02-52,
AFGHANISTAN,2023,12,10,WHOEMRO-AFG-2023-W02-52,
AFGHANISTAN,2023,13,15,WHOEMRO-AFG-2023-W02-52,
AFGHANISTAN,2023,14,19,WHOEMRO-AFG-2023-W02-52,
AFGHANISTAN,2023,15,9,WHOEMRO-AFG-2023-W02-52,
AFGHANISTAN,2023,16,17,WHOEMRO-AFG-2023-W02-52,
AFGHANISTAN,2023,17,20,WHOEMRO-AFG-2023-W02-52,
AFGHANISTAN,2023,18,35,WHOEMRO-AFG-2023-W02-52,
AFGHANISTAN,2023,19,27,WHOEMRO-AFG-2023-W02-52,
AFGHANISTAN,2023,20,10,WHOEMRO-AFG-2023-W02-52,
AFGHANISTAN,2023,21,27,WHOEMRO-AFG-2023-W02-52,
AFGHANISTAN,2023,22,32,WHOEMRO-AFG-2023-W02-52,
AFGHANISTAN,2023,23,18,WHOEMRO-AFG-2023-W02-52,
AFGHANISTAN,2023,24,8,WHOEMRO-AFG-2023-W02-52,
AFGHANISTAN,2023,25,22,WHOEMRO-AFG-2023-W02-52,
AFGHANISTAN,2023,26,5,WHOEMRO-AFG-2023-W02-52,
AFGHANISTAN,2023,27,26,WHOEMRO-AFG-2023-W02-52,
AFGHANISTAN,2023,28,18,WHOEMRO-AFG-2023-W02-52,
AFGHANISTAN,2023,29,15,WHOEMRO-AFG-2023-W02-52,
AFGHANISTAN,2023,30,60,WHOEMRO-AFG-2023-W02-52,
AFGHANISTAN,2023,31,58,WHOEMRO-AFG-2023-W02-52,
AFGHANISTAN,2023,32,37,WHOEMRO-AFG-2023-W02-52,
AFGHANISTAN,2023,33,47,WHOEMRO-AFG-2023-W02-52,
AFGHANISTAN,2023,34,47,WHOEMRO-AFG-2023-W02-52,
AFGHANISTAN,2023,35,24,WHOEMRO-AFG-2023-W02-52,
AFGHANISTAN,2023,36,27,WHOEMRO-AFG-2023-W02-52,
AFGHANISTAN,2023,37,19,WHOEMRO-AFG-2023-W02-52,
AFGHANISTAN,2023,38,28,WHOEMRO-AFG-2023-W02-52,
AFGHANISTAN,2023,39,17,WHOEMRO-AFG-2023-W02-52,
AFGHANISTAN,2023,40,52,WHOEMRO-AFG-2023-W02-52,
AFGHANISTAN,2023,41,36,WHOEMRO-AFG-2023-W02-52,
AFGHANISTAN,2023,42,46,WHOEMRO-AFG-2023-W02-52,
AFGHANISTAN,2023,43,67,WHOEMRO-AFG-2023-W02-52,
AFGHANISTAN,2023,44,50,WHOEMRO-AFG-2023-W02-52,
AFGHANISTAN,2023,45,69,WHOEMRO-AFG-2023-W02-52,
AFGHANISTAN,2023,46,56,WHOEMRO-AFG-2023-W02-52,
AFGHANISTAN,2023,47,34,WHOEMRO-AFG-2023-W02-52,
AFGHANISTAN,2023,48,50,WHOEMRO-AFG-2023-W02-52,
AFGHANISTAN,2023,49,77,WHOEMRO-AFG-2023-W02-52,
AFGHANISTAN,2023,50,33,WHOEMRO-AFG-2023-W02-52,
AFGHANISTAN,2023,51,61,WHOEMRO-AFG-2023-W02-52,
AFGHANISTAN,2023,52,44,WHOEMRO-AFG-2023-W02-52,
MALAYSIA,2014,1,1013,WHOWPRO-ALL-2016-W01-03,
MALAYSIA,2014,2,1922,WHOWPRO-ALL-2016-W01-03,
MALAYSIA,2014,3,2159,WHOWPRO-ALL-2016-W01-03,
MALAYSIA,2014,4,2233,WHOWPRO-ALL-2016-W01-03,
MALAYSIA,2014,5,2063,WHOWPRO-ALL-2016-W01-03,
MALAYSIA,2014,6,2181,WHOWPRO-ALL-2016-W01-03,
MALAYSIA,2014,7,2262,WHOWPRO-ALL-2016-W01-03,
MALAYSIA,2014,8,2455,WHOWPRO-ALL-2016-W01-03,
MALAYSIA,2014,9,2018,WHOWPRO-ALL-2016-W01-03,
MALAYSIA,2014,10,1627,WHOWPRO-ALL-2016-W01-03,
MALAYSIA,2014,11,1885,WHOWPRO-ALL-2016-W01-03,
MALAYSIA,2014,12,1678,WHOWPRO-ALL-2016-W01-03,
MALAYSIA,2014,13,1457,WHOWPRO-ALL-2016-W01-03,
MALAYSIA,2014,14,1146,WHOWPRO-ALL-2016-W01-03,
MALAYSIA,2014,15,1294,WHOWPRO-ALL-2016-W01-03,
MALAYSIA,2014,16,1235,WHOWPRO-ALL-2016-W01-03,
MALAYSIA,2014,17,969,WHOWPRO-ALL-2016-W01-03,
MALAYSIA,2014,18,1153,WHOWPRO-ALL-2016-W01-03,
MALAYSIA,2014,19,1242,WHOWPRO-ALL-2016-W01-03,
MALAYSIA,2014,20,1264,WHOWPRO-ALL-2016-W01-03,
MALAYSIA,2014,21,1597,WHOWPRO-ALL-2016-W01-03,
MALAYSIA,2014,22,1745,WHOWPRO-ALL-2016-W01-03,
MALAYSIA,2014,23,1582,WHOWPRO-ALL-2016-W01-03,
MALAYSIA,2014,24,1782,WHOWPRO-ALL-2016-W01-03,
MALAYSIA,2014,25,2018,WHOWPRO-ALL-2016-W01-03,
MALAYSIA,2014,26,2270,WHOWPRO-ALL-2016-W01-03,
MALAYSIA,2014,27,2159,WHOWPRO-ALL-2016-W01-03,
MALAYSIA,2014,28,2129,WHOWPRO-ALL-2016-W01-03,
MALAYSIA,2014,29,3128,WHOWPRO-ALL-2016-W01-03,
MALAYSIA,2014,30,3002,WHOWPRO-ALL-2016-W01-03,
MALAYSIA,2014,32,1819,WHOWPRO-ALL-2016-W01-03,
MALAYSIA,2014,33,2994,WHOWPRO-ALL-2016-W01-03,
MALAYSIA,2014,34,3054,WHOWPRO-ALL-2016-W01-03,
MALAYSIA,2014,35,2787,WHOWPRO-ALL-2016-W01-03,
MALAYSIA,2014,36,2470,WHOWPRO-ALL-2016-W01-03,
MALAYSIA,2014,37,2189,WHOWPRO-ALL-2016-W01-03,
MALAYSIA,2014,38,2285,WHOWPRO-ALL-2016-W01-03,
MALAYSIA,2014,39,1708,WHOWPRO-ALL-2016-W01-03,
MALAYSIA,2014,40,2285,WHOWPRO-ALL-2016-W01-03,
MALAYSIA,2014,41,2129,WHOWPRO-ALL-2016-W01-03,
MALAYSIA,2014,42,1811,WHOWPRO-ALL-2016-W01-03,
MALAYSIA,2014,43,2144,WHOWPRO-ALL-2016-W01-03,
MALAYSIA,2014,44,1915,WHOWPRO-ALL-2016-W01-03,
MALAYSIA,2014,45,2063,WHOWPRO-ALL-2016-W01-03,
MALAYSIA,2014,46,2011,WHOWPRO-ALL-2016-W01-03,
MALAYSIA,2014,47,2189,WHOWPRO-ALL-2016-W01-03,
MALAYSIA,2014,48,2410,WHOWPRO-ALL-2016-W01-03,
MALAYSIA,2014,49,2270,WHOWPRO-ALL-2016-W01-03,
MALAYSIA,2014,50,2425,WHOWPRO-ALL-2016-W01-03,
MALAYSIA,2014,51,2529,WHOWPRO-ALL-2016-W01-03,
MALAYSIA,2014,52,2935,WHOWPRO-ALL-2016-W01-03,
MALAYSIA,2014,53,2677,WHOWPRO-ALL-2016-W01-03,
NEW CALEDONIA,2019,1,58,WHOWPRO-ALL-2019-W01-01,
NEW CALEDONIA,2019,2,103,WHOWPRO-ALL-2019-W01-01,
NEW CALEDONIA,2019,3,86,WHOWPRO-ALL-2019-W01-01,
NEW CALEDONIA,2019,4,88,WHOWPRO-ALL-2019-W01-01,
NEW CALEDONIA,2019,5,123,WHOWPRO-ALL-2019-W01-01,
NEW CALEDONIA,2019,6,120,WHOWPRO-ALL-2019-W01-01,
NEW CALEDONIA,2019,7,183,WHOWPRO-ALL-2019-W01-01,
NEW CALEDONIA,2019,8,190,WHOWPRO-ALL-2019-W01-01,
NEW CALEDONIA,2019,9,231,WHOWPRO-ALL-2019-W01-01,
NEW CALEDONIA,2019,10,300,WHOWPRO-ALL-2019-W01-01,
NEW CALEDONIA,2019,11,170,WHOWPRO-ALL-2019-W01-01,
NEW CALEDONIA,2019,12,237,WHOWPRO-ALL-2019-W01-01,
NEW CALEDONIA,2019,13,200,WHOWPRO-ALL-2019-W01-01,
NEW CALEDONIA,2019,14,220,WHOWPRO-ALL-2019-W01-01,
NEW CALEDONIA,2019,15,205,WHOWPRO-ALL-2019-W01-01,
NEW CALEDONIA,2019,16,214,WHOWPRO-ALL-2019-W01-01,
NEW CALEDONIA,2019,17,198,WHOWPRO-ALL-2019-W01-01,
NEW CALEDONIA,2019,18,178,WHOWPRO-ALL-2019-W01-01,
NEW CALEDONIA,2019,19,136,WHOWPRO-ALL-2019-W01-01,
NEW CALEDONIA,2019,20,138,WHOWPRO-ALL-2019-W01-01,
NEW CALEDONIA,2019,21,135,WHOWPRO-ALL-2019-W01-01,
NEW CALEDONIA,2019,22,82,WHOWPRO-ALL-2019-W01-01,
NEW CALEDONIA,2019,23,97,WHOWPRO-ALL-2019-W01-01,
NEW CALEDONIA,2019,24,47,WHOWPRO-ALL-2019-W01-01,
NEW CALEDONIA,2019,25,34,WHOWPRO-ALL-2019-W01-01,
NEW CALEDONIA,2019,26,36,WHOWPRO-ALL-2019-W01-01,
NEW CALEDONIA,2019,27,24,WHOWPRO-ALL-2019-W01-01,
NEW CALEDONIA,2019,28,16,WHOWPRO-ALL-2019-W01-01,
NEW CALEDONIA,2019,29,12,WHOWPRO-ALL-2019-W01-01,
NEW CALEDONIA,2019,30,14,WHOWPRO-ALL-2019-W01-01,
NEW CALEDONIA,2019,31,6,WHOWPRO-ALL-2019-W01-01,
NEW CALEDONIA,2019,32,10,WHOWPRO-ALL-2019-W01-01,
NEW CALEDONIA,2019,33,4,WHOWPRO-ALL-2019-W01-01,
NEW CALEDONIA,2019,34,2,WHOWPRO-ALL-2019-W01-01,
NEW CALEDONIA,2019,35,5,WHOWPRO-ALL-2019-W01-01,
NEW CALEDONIA,2019,36,5,WHOWPRO-ALL-2019-W01-01,
NEW CALEDONIA,2019,37,2,WHOWPRO-ALL-2019-W01-01,
NEW CALEDONIA,2019,38,1,WHOWPRO-ALL-2019-W01-01,
NEW CALEDONIA,2019,39,1,WHOWPRO-ALL-2019-W01-01,
NEW CALEDONIA,2019,40,0,WHOWPRO-ALL-2019-W01-01,
NEW CALEDONIA,2019,41,1,WHOWPRO-ALL-2019-W01-01,
NEW CALEDONIA,2019,42,1,WHOWPRO-ALL-2019-W01-01,
NEW CALEDONIA,2019,43,2,WHOWPRO-ALL-2019-W01-01,
NEW CALEDONIA,2019,44,1,WHOWPRO-ALL-2019-W01-01,
NEW CALEDONIA,2019,45,0,WHOWPRO-ALL-2019-W01-01,
NEW CALEDONIA,2019,46,0,WHOWPRO-ALL-2019-W01-01,
NEW CALEDONIA,2019,47,1,WHOWPRO-ALL-2019-W01-01,
NEW CALEDONIA,2019,48,3,WHOWPRO-ALL-2019-W01-01,
NEW CALEDONIA,2019,49,1,WHOWPRO-ALL-2019-W01-01,
NEW CALEDONIA,2019,50,3,WHOWPRO-ALL-2019-W01-01,
NEW CALEDONIA,2019,51,1,WHOWPRO-ALL-2019-W01-01,
NEW CALEDONIA,2019,52,0,WHOWPRO-ALL-2019-W01-01,
SINGAPORE,2022,52,283,https://www.cda.gov.sg/resources/weekly-infectious-diseases-bulletin-2022/,
SRI LANKA,2010,52,105,MOH-LKA-2010-Y01-00,
SRI LANKA,2011,52,859,MOH-LKA-2011-Y01-01,
SRI LANKA,2012,52,678,MOH-LKA-2012-Y01-02,
SRI LANKA,2013,52,729,MOH-LKA-2013-Y01-03,
SRI LANKA,2013,1,877,MOH-LKA-2013-Y01-03,
SRI LANKA,2015,1,1259,MOH-LKA-2015-Y01-05,
SRI LANKA,2015,52,729,MOH-LKA-2015-Y01-05,
SRI LANKA,2016,52,1838,MOH-LKA-2016-Y01-06,
SRI LANKA,2017,1,2643,MOH-LKA-2017-Y01-07,
SRI LANKA,2017,52,234,MOH-LKA-2017-Y01-07,
SRI LANKA,2018,51,1428,https://www.epid.gov.lk/epid/public/index.php/weekly-epidemiological-report/weekly-epidemiological-report,
SRI LANKA,2018,52,1252,https://www.epid.gov.lk/epid/public/index.php/weekly-epidemiological-report/weekly-epidemiological-report,
SRI LANKA,2019,52,3565,https://www.epid.gov.lk/epid/public/index.php/weekly-epidemiological-report/weekly-epidemiological-report,
SRI LANKA,2019,51,3790,https://www.epid.gov.lk/epid/public/index.php/weekly-epidemiological-report/weekly-epidemiological-report,
YEMEN,2016,1,644,WHOEMRO-ALL-2016-Y01-00,
YEMEN,2016,2,656,WHOEMRO-ALL-2016-Y01-01,
YEMEN,2016,3,632,WHOEMRO-ALL-2016-Y01-02,
YEMEN,2016,4,515,WHOEMRO-ALL-2016-Y01-03,
YEMEN,2016,5,426,WHOEMRO-ALL-2016-Y01-04,
YEMEN,2016,6,342,WHOEMRO-ALL-2016-Y01-05,
YEMEN,2016,7,330,WHOEMRO-ALL-2016-Y01-06,
YEMEN,2016,8,370,WHOEMRO-ALL-2016-Y01-07,
YEMEN,2016,9,350,WHOEMRO-ALL-2016-Y01-08,
YEMEN,2016,10,270,WHOEMRO-ALL-2016-Y01-09,
YEMEN,2016,11,358,WHOEMRO-ALL-2016-Y01-10,
YEMEN,2016,12,282,WHOEMRO-ALL-2016-Y01-11,
YEMEN,2016,13,302,WHOEMRO-ALL-2016-Y01-12,
YEMEN,2016,14,463,WHOEMRO-ALL-2016-Y01-13,
YEMEN,2016,15,519,WHOEMRO-ALL-2016-Y01-14,
YEMEN,2016,16,563,WHOEMRO-ALL-2016-Y01-15,
YEMEN,2016,17,555,WHOEMRO-ALL-2016-Y01-16,
YEMEN,2016,18,632,WHOEMRO-ALL-2016-Y01-17,
YEMEN,2016,19,700,WHOEMRO-ALL-2016-Y01-18,
YEMEN,2016,20,688,WHOEMRO-ALL-2016-Y01-19,
YEMEN,2016,21,1074,WHOEMRO-ALL-2016-Y01-20,
YEMEN,2016,22,776,WHOEMRO-ALL-2016-Y01-21,
YEMEN,2016,23,684,WHOEMRO-ALL-2016-Y01-22,
YEMEN,2016,24,595,WHOEMRO-ALL-2016-Y01-23,
YEMEN,2016,25,837,WHOEMRO-ALL-2016-Y01-24,
YEMEN,2016,26,426,WHOEMRO-ALL-2016-Y01-25,
YEMEN,2016,27,1143,WHOEMRO-ALL-2016-Y01-26,
YEMEN,2016,28,764,WHOEMRO-ALL-2016-Y01-27,
YEMEN,2016,29,523,WHOEMRO-ALL-2016-Y01-28,
YEMEN,2016,30,245,WHOEMRO-ALL-2016-Y01-29,
YEMEN,2016,31,286,WHOEMRO-ALL-2016-Y01-30,
YEMEN,2016,32,350,WHOEMRO-ALL-2016-Y01-31,
YEMEN,2016,33,326,WHOEMRO-ALL-2016-Y01-32,
YEMEN,2016,34,447,WHOEMRO-ALL-2016-Y01-33,
YEMEN,2016,35,447,WHOEMRO-ALL-2016-Y01-34,
YEMEN,2016,36,229,WHOEMRO-ALL-2016-Y01-35,
YEMEN,2016,37,455,WHOEMRO-ALL-2016-Y01-36,
YEMEN,2016,38,708,WHOEMRO-ALL-2016-Y01-37,
YEMEN,2016,39,507,WHOEMRO-ALL-2016-Y01-38,
YEMEN,2016,40,595,WHOEMRO-ALL-2016-Y01-39,
YEMEN,2016,41,620,WHOEMRO-ALL-2016-Y01-40,
YEMEN,2016,42,495,WHOEMRO-ALL-2016-Y01-41,
YEMEN,2016,43,531,WHOEMRO-ALL-2016-Y01-42,
YEMEN,2016,44,668,WHOEMRO-ALL-2016-Y01-43,
YEMEN,2016,45,378,WHOEMRO-ALL-2016-Y01-44,
YEMEN,2016,46,434,WHOEMRO-ALL-2016-Y01-45,
YEMEN,2016,47,467,WHOEMRO-ALL-2016-Y01-46,
YEMEN,2016,48,583,WHOEMRO-ALL-2016-Y01-47,
YEMEN,2016,49,616,WHOEMRO-ALL-2016-Y01-48,
YEMEN,2016,50,543,WHOEMRO-ALL-2016-Y01-49,
YEMEN,2016,51,805,WHOEMRO-ALL-2016-Y01-50,
YEMEN,2016,52,660,WHOEMRO-ALL-2016-Y01-51,
PORTUGAL,2012,1,0,https://www.ecdc.europa.eu/sites/default/files/media/en/publications/Publications/dengue-madeira-ECDC-mission-2013.pdf,
PORTUGAL,2012,2,0,https://www.ecdc.europa.eu/sites/default/files/media/en/publications/Publications/dengue-madeira-ECDC-mission-2013.pdf,
PORTUGAL,2012,3,0,https://www.ecdc.europa.eu/sites/default/files/media/en/publications/Publications/dengue-madeira-ECDC-mission-2013.pdf,
PORTUGAL,2012,4,0,https://www.ecdc.europa.eu/sites/default/files/media/en/publications/Publications/dengue-madeira-ECDC-mission-2013.pdf,
PORTUGAL,2012,5,0,https://www.ecdc.europa.eu/sites/default/files/media/en/publications/Publications/dengue-madeira-ECDC-mission-2013.pdf,
PORTUGAL,2012,6,0,https://www.ecdc.europa.eu/sites/default/files/media/en/publications/Publications/dengue-madeira-ECDC-mission-2013.pdf,
PORTUGAL,2012,7,0,https://www.ecdc.europa.eu/sites/default/files/media/en/publications/Publications/dengue-madeira-ECDC-mission-2013.pdf,
PORTUGAL,2012,8,0,https://www.ecdc.europa.eu/sites/default/files/media/en/publications/Publications/dengue-madeira-ECDC-mission-2013.pdf,
PORTUGAL,2012,9,0,https://www.ecdc.europa.eu/sites/default/files/media/en/publications/Publications/dengue-madeira-ECDC-mission-2013.pdf,
PORTUGAL,2012,10,0,https://www.ecdc.europa.eu/sites/default/files/media/en/publications/Publications/dengue-madeira-ECDC-mission-2013.pdf,
PORTUGAL,2012,11,0,https://www.ecdc.europa.eu/sites/default/files/media/en/publications/Publications/dengue-madeira-ECDC-mission-2013.pdf,
PORTUGAL,2012,12,0,https://www.ecdc.europa.eu/sites/default/files/media/en/publications/Publications/dengue-madeira-ECDC-mission-2013.pdf,
PORTUGAL,2012,13,0,https://www.ecdc.europa.eu/sites/default/files/media/en/publications/Publications/dengue-madeira-ECDC-mission-2013.pdf,
PORTUGAL,2012,14,0,https://www.ecdc.europa.eu/sites/default/files/media/en/publications/Publications/dengue-madeira-ECDC-mission-2013.pdf,
PORTUGAL,2012,15,0,https://www.ecdc.europa.eu/sites/default/files/media/en/publications/Publications/dengue-madeira-ECDC-mission-2013.pdf,
PORTUGAL,2012,16,0,https://www.ecdc.europa.eu/sites/default/files/media/en/publications/Publications/dengue-madeira-ECDC-mission-2013.pdf,
PORTUGAL,2012,17,0,https://www.ecdc.europa.eu/sites/default/files/media/en/publications/Publications/dengue-madeira-ECDC-mission-2013.pdf,
PORTUGAL,2012,18,0,https://www.ecdc.europa.eu/sites/default/files/media/en/publications/Publications/dengue-madeira-ECDC-mission-2013.pdf,
PORTUGAL,2012,19,0,https://www.ecdc.europa.eu/sites/default/files/media/en/publications/Publications/dengue-madeira-ECDC-mission-2013.pdf,
PORTUGAL,2012,20,0,https://www.ecdc.europa.eu/sites/default/files/media/en/publications/Publications/dengue-madeira-ECDC-mission-2013.pdf,
PORTUGAL,2012,21,0,https://www.ecdc.europa.eu/sites/default/files/media/en/publications/Publications/dengue-madeira-ECDC-mission-2013.pdf,
PORTUGAL,2012,22,0,https://www.ecdc.europa.eu/sites/default/files/media/en/publications/Publications/dengue-madeira-ECDC-mission-2013.pdf,
PORTUGAL,2012,23,0,https://www.ecdc.europa.eu/sites/default/files/media/en/publications/Publications/dengue-madeira-ECDC-mission-2013.pdf,
PORTUGAL,2012,24,0,https://www.ecdc.europa.eu/sites/default/files/media/en/publications/Publications/dengue-madeira-ECDC-mission-2013.pdf,
PORTUGAL,2012,25,0,https://www.ecdc.europa.eu/sites/default/files/media/en/publications/Publications/dengue-madeira-ECDC-mission-2013.pdf,
PORTUGAL,2012,26,0,https://www.ecdc.europa.eu/sites/default/files/media/en/publications/Publications/dengue-madeira-ECDC-mission-2013.pdf,
PORTUGAL,2012,27,0,https://www.ecdc.europa.eu/sites/default/files/media/en/publications/Publications/dengue-madeira-ECDC-mission-2013.pdf,
PORTUGAL,2012,28,0,https://www.ecdc.europa.eu/sites/default/files/media/en/publications/Publications/dengue-madeira-ECDC-mission-2013.pdf,
PORTUGAL,2012,29,0,https://www.ecdc.europa.eu/sites/default/files/media/en/publications/Publications/dengue-madeira-ECDC-mission-2013.pdf,
PORTUGAL,2012,30,0,https://www.ecdc.europa.eu/sites/default/files/media/en/publications/Publications/dengue-madeira-ECDC-mission-2013.pdf,
PORTUGAL,2012,31,0,https://www.ecdc.europa.eu/sites/default/files/media/en/publications/Publications/dengue-madeira-ECDC-mission-2013.pdf,
PORTUGAL,2012,32,0,https://www.ecdc.europa.eu/sites/default/files/media/en/publications/Publications/dengue-madeira-ECDC-mission-2013.pdf,
PORTUGAL,2012,33,0,https://www.ecdc.europa.eu/sites/default/files/media/en/publications/Publications/dengue-madeira-ECDC-mission-2013.pdf,
PORTUGAL,2012,34,0,https://www.ecdc.europa.eu/sites/default/files/media/en/publications/Publications/dengue-madeira-ECDC-mission-2013.pdf,
PORTUGAL,2012,35,0,https://www.ecdc.europa.eu/sites/default/files/media/en/publications/Publications/dengue-madeira-ECDC-mission-2013.pdf,
PORTUGAL,2012,36,0,https://www.ecdc.europa.eu/sites/default/files/media/en/publications/Publications/dengue-madeira-ECDC-mission-2013.pdf,
PORTUGAL,2012,37,0,https://www.ecdc.europa.eu/sites/default/files/media/en/publications/Publications/dengue-madeira-ECDC-mission-2013.pdf,
PORTUGAL,2012,38,0,https://www.ecdc.europa.eu/sites/default/files/media/en/publications/Publications/dengue-madeira-ECDC-mission-2013.pdf,
PORTUGAL,2012,39,9,https://www.ecdc.europa.eu/en/all-topics-z/dengue/surveillance-and-disease-data/autochthonous-transmission-dengue-virus-eueea,
PORTUGAL,2012,40,122,https://www.ecdc.europa.eu/en/all-topics-z/dengue/surveillance-and-disease-data/autochthonous-transmission-dengue-virus-eueea,
PORTUGAL,2012,41,112,https://www.ecdc.europa.eu/en/all-topics-z/dengue/surveillance-and-disease-data/autochthonous-transmission-dengue-virus-eueea,
PORTUGAL,2012,42,163,https://www.ecdc.europa.eu/en/all-topics-z/dengue/surveillance-and-disease-data/autochthonous-transmission-dengue-virus-eueea,
PORTUGAL,2012,43,232,https://www.ecdc.europa.eu/en/all-topics-z/dengue/surveillance-and-disease-data/autochthonous-transmission-dengue-virus-eueea,
PORTUGAL,2012,44,126,https://www.ecdc.europa.eu/en/all-topics-z/dengue/surveillance-and-disease-data/autochthonous-transmission-dengue-virus-eueea,
PORTUGAL,2012,45,144,https://www.ecdc.europa.eu/en/all-topics-z/dengue/surveillance-and-disease-data/autochthonous-transmission-dengue-virus-eueea,
PORTUGAL,2012,46,62,https://www.ecdc.europa.eu/en/all-topics-z/dengue/surveillance-and-disease-data/autochthonous-transmission-dengue-virus-eueea,
PORTUGAL,2012,47,52,https://www.ecdc.europa.eu/en/all-topics-z/dengue/surveillance-and-disease-data/autochthonous-transmission-dengue-virus-eueea,
PORTUGAL,2012,48,20,https://www.ecdc.europa.eu/en/all-topics-z/dengue/surveillance-and-disease-data/autochthonous-transmission-dengue-virus-eueea,
PORTUGAL,2012,49,6,https://www.ecdc.europa.eu/en/all-topics-z/dengue/surveillance-and-disease-data/autochthonous-transmission-dengue-virus-eueea,
PORTUGAL,2012,50,11,https://www.ecdc.europa.eu/en/all-topics-z/dengue/surveillance-and-disease-data/autochthonous-transmission-dengue-virus-eueea,
PORTUGAL,2012,51,10,https://www.ecdc.europa.eu/en/all-topics-z/dengue/surveillance-and-disease-data/autochthonous-transmission-dengue-virus-eueea,
PORTUGAL,2012,52,1,https://www.ecdc.europa.eu/en/all-topics-z/dengue/surveillance-and-disease-data/autochthonous-transmission-dengue-virus-eueea,
PORTUGAL,2013,1,2,https://www.ecdc.europa.eu/en/all-topics-z/dengue/surveillance-and-disease-data/autochthonous-transmission-dengue-virus-eueea,
PORTUGAL,2013,2,2,https://www.ecdc.europa.eu/en/all-topics-z/dengue/surveillance-and-disease-data/autochthonous-transmission-dengue-virus-eueea,
PORTUGAL,2013,3,4,https://www.ecdc.europa.eu/en/all-topics-z/dengue/surveillance-and-disease-data/autochthonous-transmission-dengue-virus-eueea,
PORTUGAL,2013,4,1,https://www.ecdc.europa.eu/en/all-topics-z/dengue/surveillance-and-disease-data/autochthonous-transmission-dengue-virus-eueea,
PORTUGAL,2013,5,0,https://www.ecdc.europa.eu/en/all-topics-z/dengue/surveillance-and-disease-data/autochthonous-transmission-dengue-virus-eueea,
PORTUGAL,2013,6,0,https://www.ecdc.europa.eu/en/all-topics-z/dengue/surveillance-and-disease-data/autochthonous-transmission-dengue-virus-eueea,
PORTUGAL,2013,7,0,https://www.ecdc.europa.eu/en/all-topics-z/dengue/surveillance-and-disease-data/autochthonous-transmission-dengue-virus-eueea,
PORTUGAL,2013,8,0,https://www.ecdc.europa.eu/en/all-topics-z/dengue/surveillance-and-disease-data/autochthonous-transmission-dengue-virus-eueea,
PORTUGAL,2013,9,0,https://www.ecdc.europa.eu/en/all-topics-z/dengue/surveillance-and-disease-data/autochthonous-transmission-dengue-virus-eueea,
PORTUGAL,2013,10,0,https://www.ecdc.europa.eu/en/all-topics-z/dengue/surveillance-and-disease-data/autochthonous-transmission-dengue-virus-eueea,
PORTUGAL,2013,11,0,https://www.ecdc.europa.eu/en/all-topics-z/dengue/surveillance-and-disease-data/autochthonous-transmission-dengue-virus-eueea,
PORTUGAL,2013,12,0,https://www.ecdc.europa.eu/en/all-topics-z/dengue/surveillance-and-disease-data/autochthonous-transmission-dengue-virus-eueea,
PORTUGAL,2013,13,0,https://www.ecdc.europa.eu/en/all-topics-z/dengue/surveillance-and-disease-data/autochthonous-transmission-dengue-virus-eueea,
PORTUGAL,2013,14,0,https://www.ecdc.europa.eu/en/all-topics-z/dengue/surveillance-and-disease-data/autochthonous-transmission-dengue-virus-eueea,
PORTUGAL,2013,15,0,https://www.ecdc.europa.eu/en/all-topics-z/dengue/surveillance-and-disease-data/autochthonous-transmission-dengue-virus-eueea,
PORTUGAL,2013,16,0,https://www.ecdc.europa.eu/en/all-topics-z/dengue/surveillance-and-disease-data/autochthonous-transmission-dengue-virus-eueea,
PORTUGAL,2013,17,0,https://www.ecdc.europa.eu/en/all-topics-z/dengue/surveillance-and-disease-data/autochthonous-transmission-dengue-virus-eueea,
PORTUGAL,2013,18,0,https://www.ecdc.europa.eu/en/all-topics-z/dengue/surveillance-and-disease-data/autochthonous-transmission-dengue-virus-eueea,
PORTUGAL,2013,19,0,https://www.ecdc.europa.eu/en/all-topics-z/dengue/surveillance-and-disease-data/autochthonous-transmission-dengue-virus-eueea,
PORTUGAL,2013,20,0,https://www.ecdc.europa.eu/sites/default/files/media/en/publications/Publications/dengue-madeira-ECDC-mission-2013.pdf,
PORTUGAL,2013,21,0,https://www.ecdc.europa.eu/sites/default/files/media/en/publications/Publications/dengue-madeira-ECDC-mission-2013.pdf,
PORTUGAL,2013,22,0,https://www.ecdc.europa.eu/sites/default/files/media/en/publications/Publications/dengue-madeira-ECDC-mission-2013.pdf,
PORTUGAL,2013,23,0,https://www.ecdc.europa.eu/sites/default/files/media/en/publications/Publications/dengue-madeira-ECDC-mission-2013.pdf,
PORTUGAL,2013,24,0,https://www.ecdc.europa.eu/sites/default/files/media/en/publications/Publications/dengue-madeira-ECDC-mission-2013.pdf,
PORTUGAL,2013,25,0,https://www.ecdc.europa.eu/sites/default/files/media/en/publications/Publications/dengue-madeira-ECDC-mission-2013.pdf,
PORTUGAL,2013,26,0,https://www.ecdc.europa.eu/sites/default/files/media/en/publications/Publications/dengue-madeira-ECDC-mission-2013.pdf,
PORTUGAL,2013,27,0,https://www.ecdc.europa.eu/sites/default/files/media/en/publications/Publications/dengue-madeira-ECDC-mission-2013.pdf,
PORTUGAL,2013,28,0,https://www.ecdc.europa.eu/sites/default/files/media/en/publications/Publications/dengue-madeira-ECDC-mission-2013.pdf,
PORTUGAL,2013,29,0,https://www.ecdc.europa.eu/sites/default/files/media/en/publications/Publications/dengue-madeira-ECDC-mission-2013.pdf,
PORTUGAL,2013,30,0,https://www.ecdc.europa.eu/sites/default/files/media/en/publications/Publications/dengue-madeira-ECDC-mission-2013.pdf,
PORTUGAL,2013,31,0,https://www.ecdc.europa.eu/sites/default/files/media/en/publications/Publications/dengue-madeira-ECDC-mission-2013.pdf,
PORTUGAL,2013,32,0,https://www.ecdc.europa.eu/sites/default/files/media/en/publications/Publications/dengue-madeira-ECDC-mission-2013.pdf,
PORTUGAL,2013,33,0,https://www.ecdc.europa.eu/sites/default/files/media/en/publications/Publications/dengue-madeira-ECDC-mission-2013.pdf,
PORTUGAL,2013,34,0,https://www.ecdc.europa.eu/sites/default/files/media/en/publications/Publications/dengue-madeira-ECDC-mission-2013.pdf,
PORTUGAL,2013,35,0,https://www.ecdc.europa.eu/sites/default/files/media/en/publications/Publications/dengue-madeira-ECDC-mission-2013.pdf,
PORTUGAL,2013,36,0,https://www.ecdc.europa.eu/sites/default/files/media/en/publications/Publications/dengue-madeira-ECDC-mission-2013.pdf,
PORTUGAL,2013,37,0,https://www.ecdc.europa.eu/sites/default/files/media/en/publications/Publications/dengue-madeira-ECDC-mission-2013.pdf,
PORTUGAL,2013,38,0,https://www.ecdc.europa.eu/sites/default/files/media/en/publications/Publications/dengue-madeira-ECDC-mission-2013.pdf,
PORTUGAL,2013,39,0,https://www.ecdc.europa.eu/sites/default/files/media/en/publications/Publications/dengue-madeira-ECDC-mission-2013.pdf,
PORTUGAL,2013,40,0,https://www.ecdc.europa.eu/sites/default/files/media/en/publications/Publications/dengue-madeira-ECDC-mission-2013.pdf,
PORTUGAL,2013,41,0,https://www.ecdc.europa.eu/sites/default/files/media/en/publications/Publications/dengue-madeira-ECDC-mission-2013.pdf,
PORTUGAL,2013,42,0,https://www.ecdc.europa.eu/sites/default/files/media/en/publications/Publications/dengue-madeira-ECDC-mission-2013.pdf,
PORTUGAL,2013,43,0,https://www.ecdc.europa.eu/sites/default/files/media/en/publications/Publications/dengue-madeira-ECDC-mission-2013.pdf,
PORTUGAL,2013,44,0,https://www.ecdc.europa.eu/sites/default/files/media/en/publications/Publications/dengue-madeira-ECDC-mission-2013.pdf,
PORTUGAL,2013,45,0,https://www.ecdc.europa.eu/sites/default/files/media/en/publications/Publications/dengue-madeira-ECDC-mission-2013.pdf,
PORTUGAL,2013,46,0,https://www.ecdc.europa.eu/sites/default/files/media/en/publications/Publications/dengue-madeira-ECDC-mission-2013.pdf,
PORTUGAL,2013,47,0,https://www.ecdc.europa.eu/sites/default/files/media/en/publications/Publications/dengue-madeira-ECDC-mission-2013.pdf,
PORTUGAL,2013,48,0,https://www.ecdc.europa.eu/sites/default/files/media/en/publications/Publications/dengue-madeira-ECDC-mission-2013.pdf,
PORTUGAL,2013,49,0,https://www.ecdc.europa.eu/sites/default/files/media/en/publications/Publications/dengue-madeira-ECDC-mission-2013.pdf,
PORTUGAL,2013,50,0,https://www.ecdc.europa.eu/sites/default/files/media/en/publications/Publications/dengue-madeira-ECDC-mission-2013.pdf,
PORTUGAL,2013,51,0,https://www.ecdc.europa.eu/sites/default/files/media/en/publications/Publications/dengue-madeira-ECDC-mission-2013.pdf,
PORTUGAL,2013,52,0,https://www.ecdc.europa.eu/sites/default/files/media/en/publications/Publications/dengue-madeira-ECDC-mission-2013.pdf,
REUNION,2006,49,1,https://www.santepubliquefrance.fr/content/download/183313/2309563,
REUNION,2006,50,0,https://www.santepubliquefrance.fr/content/download/183313/2309563,
REUNION,2006,51,0,https://www.santepubliquefrance.fr/content/download/183313/2309563,
REUNION,2006,52,0,https://www.santepubliquefrance.fr/content/download/183313/2309563,
REUNION,2007,1,0,https://www.santepubliquefrance.fr/content/download/183313/2309563,
REUNION,2007,2,0,https://www.santepubliquefrance.fr/content/download/183313/2309563,
REUNION,2007,3,0,https://www.santepubliquefrance.fr/content/download/183313/2309563,
REUNION,2007,4,1,https://www.santepubliquefrance.fr/content/download/183313/2309563,
REUNION,2007,5,0,https://www.santepubliquefrance.fr/content/download/183313/2309563,
REUNION,2007,6,0,https://www.santepubliquefrance.fr/content/download/183313/2309563,
REUNION,2007,7,1,https://www.santepubliquefrance.fr/content/download/183313/2309563,
REUNION,2007,8,0,https://www.santepubliquefrance.fr/content/download/183313/2309563,
REUNION,2007,9,1,https://www.santepubliquefrance.fr/content/download/183313/2309563,
REUNION,2007,10,0,https://www.santepubliquefrance.fr/content/download/183313/2309563,
REUNION,2007,11,1,https://www.santepubliquefrance.fr/content/download/183313/2309563,
REUNION,2007,12,0,https://www.santepubliquefrance.fr/content/download/183313/2309563,
REUNION,2007,13,0,https://www.santepubliquefrance.fr/content/download/183313/2309563,
REUNION,2007,14,0,https://www.santepubliquefrance.fr/content/download/183313/2309563,
REUNION,2007,15,0,https://www.santepubliquefrance.fr/content/download/183313/2309563,
REUNION,2007,16,0,https://www.santepubliquefrance.fr/content/download/183313/2309563,
REUNION,2007,17,1,https://www.santepubliquefrance.fr/content/download/183313/2309563,
REUNION,2007,18,0,https://www.santepubliquefrance.fr/content/download/183313/2309563,
REUNION,2007,19,1,https://www.santepubliquefrance.fr/content/download/183313/2309563,
REUNION,2007,20,0,https://www.santepubliquefrance.fr/content/download/183313/2309563,
REUNION,2007,21,2,https://www.santepubliquefrance.fr/content/download/183313/2309563,
REUNION,2007,22,1,https://www.santepubliquefrance.fr/content/download/183313/2309563,
REUNION,2007,23,3,https://www.santepubliquefrance.fr/content/download/183313/2309563,
REUNION,2007,24,0,https://www.santepubliquefrance.fr/content/download/183313/2309563,
REUNION,2007,25,0,https://www.santepubliquefrance.fr/content/download/183313/2309563,
REUNION,2007,26,0,https://www.santepubliquefrance.fr/content/download/183313/2309563,
REUNION,2007,27,0,https://www.santepubliquefrance.fr/content/download/183313/2309563,
REUNION,2007,28,1,https://www.santepubliquefrance.fr/content/download/183313/2309563,
REUNION,2007,29,0,https://www.santepubliquefrance.fr/content/download/183313/2309563,
REUNION,2007,30,0,https://www.santepubliquefrance.fr/content/download/183313/2309563,
REUNION,2007,31,2,https://www.santepubliquefrance.fr/content/download/183313/2309563,
REUNION,2007,32,2,https://www.santepubliquefrance.fr/content/download/183313/2309563,
REUNION,2007,33,3,https://www.santepubliquefrance.fr/content/download/183313/2309563,
REUNION,2007,34,1,https://www.santepubliquefrance.fr/content/download/183313/2309563,
REUNION,2007,35,0,https://www.santepubliquefrance.fr/content/download/183313/2309563,
REUNION,2007,36,0,https://www.santepubliquefrance.fr/content/download/183313/2309563,
REUNION,2007,37,2,https://www.santepubliquefrance.fr/content/download/183313/2309563,
REUNION,2007,38,2,https://www.santepubliquefrance.fr/content/download/183313/2309563,
REUNION,2007,39,1,https://www.santepubliquefrance.fr/content/download/183313/2309563,
REUNION,2007,40,0,https://www.santepubliquefrance.fr/content/download/183313/2309563,
REUNION,2007,41,0,https://www.santepubliquefrance.fr/content/download/183313/2309563,
REUNION,2007,42,1,https://www.santepubliquefrance.fr/content/download/183313/2309563,
REUNION,2007,43,0,https://www.santepubliquefrance.fr/content/download/183313/2309563,
REUNION,2007,44,0,https://www.santepubliquefrance.fr/content/download/183313/2309563,
REUNION,2007,45,0,https://www.santepubliquefrance.fr/content/download/183313/2309563,
REUNION,2007,46,0,https://www.santepubliquefrance.fr/content/download/183313/2309563,
REUNION,2007,47,0,https://www.santepubliquefrance.fr/content/download/183313/2309563,
REUNION,2007,48,0,https://www.santepubliquefrance.fr/content/download/183313/2309563,
REUNION,2007,49,0,https://www.santepubliquefrance.fr/content/download/183313/2309563,
REUNION,2007,50,0,https://www.santepubliquefrance.fr/content/download/183313/2309563,
REUNION,2007,51,0,https://www.santepubliquefrance.fr/content/download/183313/2309563,
REUNION,2007,52,0,https://www.santepubliquefrance.fr/content/download/183313/2309563,
REUNION,2010,1,0,Surveillance de la dengue a la Reunion. Point epidemiologique - N32 au 18 mai 2010. https://www.santepubliquefrance.fr/content/download/48211/1038343,
REUNION,2010,2,0,Surveillance de la dengue a la Reunion. Point epidemiologique - N32 au 18 mai 2010. https://www.santepubliquefrance.fr/content/download/48211/1038343,
REUNION,2010,3,0,Surveillance de la dengue a la Reunion. Point epidemiologique - N32 au 18 mai 2010. https://www.santepubliquefrance.fr/content/download/48211/1038343,
REUNION,2010,4,0,Surveillance de la dengue a la Reunion. Point epidemiologique - N32 au 18 mai 2010. https://www.santepubliquefrance.fr/content/download/48211/1038343,
REUNION,2010,5,0,Surveillance de la dengue a la Reunion. Point epidemiologique - N32 au 18 mai 2010. https://www.santepubliquefrance.fr/content/download/48211/1038343,
REUNION,2010,6,0,Surveillance de la dengue a la Reunion. Point epidemiologique - N32 au 18 mai 2010. https://www.santepubliquefrance.fr/content/download/48211/1038343,
REUNION,2010,7,0,Surveillance de la dengue a la Reunion. Point epidemiologique - N32 au 18 mai 2010. https://www.santepubliquefrance.fr/content/download/48211/1038343,
REUNION,2010,8,0,Surveillance de la dengue a la Reunion. Point epidemiologique - N32 au 18 mai 2010. https://www.santepubliquefrance.fr/content/download/48211/1038343,
REUNION,2010,9,1,Surveillance de la dengue a la Reunion. Point epidemiologique - N32 au 18 mai 2010. https://www.santepubliquefrance.fr/content/download/48211/1038343,
REUNION,2010,10,0,Surveillance de la dengue a la Reunion. Point epidemiologique - N32 au 18 mai 2010. https://www.santepubliquefrance.fr/content/download/48211/1038343,
REUNION,2010,11,1,Surveillance de la dengue a la Reunion. Point epidemiologique - N32 au 18 mai 2010. https://www.santepubliquefrance.fr/content/download/48211/1038343,
REUNION,2010,12,2,Surveillance de la dengue a la Reunion. Point epidemiologique - N32 au 18 mai 2010. https://www.santepubliquefrance.fr/content/download/48211/1038343,
REUNION,2010,13,4,Surveillance de la dengue a la Reunion. Point epidemiologique - N32 au 18 mai 2010. https://www.santepubliquefrance.fr/content/download/48211/1038343,
REUNION,2010,14,1,Surveillance de la dengue a la Reunion. Point epidemiologique - N32 au 18 mai 2010. https://www.santepubliquefrance.fr/content/download/48211/1038343,
REUNION,2010,15,4,Surveillance de la dengue a la Reunion. Point epidemiologique - N32 au 18 mai 2010. https://www.santepubliquefrance.fr/content/download/48211/1038343,
REUNION,2010,16,1,Surveillance de la dengue a la Reunion. Point epidemiologique - N32 au 18 mai 2010. https://www.santepubliquefrance.fr/content/download/48211/1038343,
REUNION,2010,17,1,Surveillance de la dengue a la Reunion. Point epidemiologique - N32 au 18 mai 2010. https://www.santepubliquefrance.fr/content/download/48211/1038343,
REUNION,2010,18,2,Surveillance de la dengue a la Reunion. Point epidemiologique - N32 au 18 mai 2010. https://www.santepubliquefrance.fr/content/download/48211/1038343,
REUNION,2010,19,1,Surveillance de la dengue a la Reunion. Point epidemiologique - N32 au 18 mai 2010. https://www.santepubliquefrance.fr/content/download/48211/1038343,
REUNION,2011,50,1,https://www.santepubliquefrance.fr/content/download/63741/1204784,
REUNION,2011,51,1,https://www.santepubliquefrance.fr/content/download/63741/1204784,
REUNION,2012,1,0,https://www.santepubliquefrance.fr/content/download/63741/1204784,
REUNION,2012,2,0,https://www.santepubliquefrance.fr/content/download/63741/1204784,
REUNION,2012,3,0,https://www.santepubliquefrance.fr/content/download/63741/1204784,
REUNION,2012,4,0,https://www.santepubliquefrance.fr/content/download/63741/1204784,
REUNION,2012,5,1,https://www.santepubliquefrance.fr/content/download/63741/1204784,
REUNION,2012,6,0,https://www.santepubliquefrance.fr/content/download/63741/1204784,
REUNION,2012,7,0,https://www.santepubliquefrance.fr/content/download/63741/1204784,
REUNION,2012,8,1,https://www.santepubliquefrance.fr/content/download/63741/1204784,
REUNION,2012,9,1,https://www.santepubliquefrance.fr/content/download/63741/1204784,
REUNION,2012,10,1,https://www.santepubliquefrance.fr/content/download/63741/1204784,
REUNION,2012,11,2,https://www.santepubliquefrance.fr/content/download/63741/1204784,
REUNION,2012,12,2,https://www.santepubliquefrance.fr/content/download/63741/1204784,
REUNION,2012,13,1,https://www.santepubliquefrance.fr/content/download/63741/1204784,
REUNION,2012,14,2,https://www.santepubliquefrance.fr/content/download/63741/1204784,
REUNION,2012,15,3,https://www.santepubliquefrance.fr/content/download/63741/1204784,
REUNION,2012,16,3,https://www.santepubliquefrance.fr/content/download/63741/1204784,
REUNION,2012,17,1,https://www.santepubliquefrance.fr/content/download/63741/1204784,
REUNION,2012,18,0,https://www.santepubliquefrance.fr/content/download/63741/1204784,
REUNION,2012,19,2,https://www.santepubliquefrance.fr/content/download/63741/1204784,
REUNION,2012,20,1,https://www.santepubliquefrance.fr/content/download/63741/1204784,
REUNION,2012,21,1,https://www.santepubliquefrance.fr/content/download/63741/1204784,
REUNION,2012,22,2,https://www.santepubliquefrance.fr/content/download/63741/1204784,
REUNION,2012,23,2,https://www.santepubliquefrance.fr/content/download/63741/1204784,
REUNION,2012,24,0,https://www.santepubliquefrance.fr/content/download/63741/1204784,
REUNION,2012,25,1,https://www.santepubliquefrance.fr/content/download/63741/1204784,
REUNION,2012,26,0,https://www.santepubliquefrance.fr/content/download/63741/1204784,
REUNION,2012,27,0,https://www.santepubliquefrance.fr/content/download/63741/1204784,
REUNION,2012,28,1,https://www.santepubliquefrance.fr/content/download/63741/1204784,
REUNION,2012,29,0,https://www.santepubliquefrance.fr/content/download/63741/1204784,
REUNION,2012,30,0,https://www.santepubliquefrance.fr/content/download/63741/1204784,
REUNION,2012,31,0,https://www.santepubliquefrance.fr/content/download/63741/1204784,
REUNION,2012,32,0,assumed the end of outbreak,
REUNION,2012,33,0,assumed the end of outbreak,
REUNION,2012,34,0,assumed the end of outbreak,
REUNION,2012,35,0,assumed the end of outbreak,
REUNION,2012,36,0,assumed the end of outbreak,
REUNION,2012,37,0,assumed the end of outbreak,
REUNION,2012,38,0,assumed the end of outbreak,
REUNION,2012,39,0,assumed the end of outbreak,
REUNION,2012,40,0,assumed the end of outbreak,
REUNION,2012,41,0,assumed the end of outbreak,
REUNION,2012,42,0,assumed the end of outbreak,
REUNION,2012,43,0,assumed the end of outbreak,
REUNION,2012,44,0,assumed the end of outbreak,
REUNION,2012,45,0,assumed the end of outbreak,
REUNION,2012,46,0,assumed the end of outbreak,
REUNION,2012,47,0,assumed the end of outbreak,
REUNION,2012,48,0,assumed the end of outbreak,
REUNION,2012,49,0,assumed the end of outbreak,
REUNION,2012,50,0,assumed the end of outbreak,
REUNION,2012,51,0,assumed the end of outbreak,
REUNION,2012,52,0,assumed the end of outbreak,
REUNION,2013,1,0,https://www.santepubliquefrance.fr/regions/ocean-indien/documents/bulletin-regional/2013/situation-de-la-dengue-a-la-reunion.-point-epidemiologique-au-29-juillet-2013,
REUNION,2013,2,0,https://www.santepubliquefrance.fr/regions/ocean-indien/documents/bulletin-regional/2013/situation-de-la-dengue-a-la-reunion.-point-epidemiologique-au-29-juillet-2013,
REUNION,2013,3,0,https://www.santepubliquefrance.fr/regions/ocean-indien/documents/bulletin-regional/2013/situation-de-la-dengue-a-la-reunion.-point-epidemiologique-au-29-juillet-2013,
REUNION,2013,4,0,https://www.santepubliquefrance.fr/regions/ocean-indien/documents/bulletin-regional/2013/situation-de-la-dengue-a-la-reunion.-point-epidemiologique-au-29-juillet-2013,
REUNION,2013,5,0,https://www.santepubliquefrance.fr/regions/ocean-indien/documents/bulletin-regional/2013/situation-de-la-dengue-a-la-reunion.-point-epidemiologique-au-29-juillet-2013,
REUNION,2013,6,1,https://www.santepubliquefrance.fr/regions/ocean-indien/documents/bulletin-regional/2013/situation-de-la-dengue-a-la-reunion.-point-epidemiologique-au-29-juillet-2013,
REUNION,2013,7,0,https://www.santepubliquefrance.fr/regions/ocean-indien/documents/bulletin-regional/2013/situation-de-la-dengue-a-la-reunion.-point-epidemiologique-au-29-juillet-2013,
REUNION,2013,8,0,https://www.santepubliquefrance.fr/regions/ocean-indien/documents/bulletin-regional/2013/situation-de-la-dengue-a-la-reunion.-point-epidemiologique-au-29-juillet-2013,
REUNION,2013,9,1,https://www.santepubliquefrance.fr/regions/ocean-indien/documents/bulletin-regional/2013/situation-de-la-dengue-a-la-reunion.-point-epidemiologique-au-29-juillet-2013,
REUNION,2013,10,2,https://www.santepubliquefrance.fr/regions/ocean-indien/documents/bulletin-regional/2013/situation-de-la-dengue-a-la-reunion.-point-epidemiologique-au-29-juillet-2013,
REUNION,2013,11,4,https://www.santepubliquefrance.fr/regions/ocean-indien/documents/bulletin-regional/2013/situation-de-la-dengue-a-la-reunion.-point-epidemiologique-au-29-juillet-2013,
REUNION,2013,12,0,https://www.santepubliquefrance.fr/regions/ocean-indien/documents/bulletin-regional/2013/situation-de-la-dengue-a-la-reunion.-point-epidemiologique-au-29-juillet-2013,
REUNION,2013,13,0,https://www.santepubliquefrance.fr/regions/ocean-indien/documents/bulletin-regional/2013/situation-de-la-dengue-a-la-reunion.-point-epidemiologique-au-29-juillet-2013,
REUNION,2013,14,2,https://www.santepubliquefrance.fr/regions/ocean-indien/documents/bulletin-regional/2013/situation-de-la-dengue-a-la-reunion.-point-epidemiologique-au-29-juillet-2013,
REUNION,2013,15,1,https://www.santepubliquefrance.fr/regions/ocean-indien/documents/bulletin-regional/2013/situation-de-la-dengue-a-la-reunion.-point-epidemiologique-au-29-juillet-2013,
REUNION,2013,16,0,https://www.santepubliquefrance.fr/regions/ocean-indien/documents/bulletin-regional/2013/situation-de-la-dengue-a-la-reunion.-point-epidemiologique-au-29-juillet-2013,
REUNION,2013,17,0,https://www.santepubliquefrance.fr/regions/ocean-indien/documents/bulletin-regional/2013/situation-de-la-dengue-a-la-reunion.-point-epidemiologique-au-29-juillet-2013,
REUNION,2013,18,0,https://www.santepubliquefrance.fr/regions/ocean-indien/documents/bulletin-regional/2013/situation-de-la-dengue-a-la-reunion.-point-epidemiologique-au-29-juillet-2013,
REUNION,2013,19,0,https://www.santepubliquefrance.fr/regions/ocean-indien/documents/bulletin-regional/2013/situation-de-la-dengue-a-la-reunion.-point-epidemiologique-au-29-juillet-2013,
REUNION,2013,20,0,https://www.santepubliquefrance.fr/regions/ocean-indien/documents/bulletin-regional/2013/situation-de-la-dengue-a-la-reunion.-point-epidemiologique-au-29-juillet-2013,
REUNION,2013,21,5,https://www.santepubliquefrance.fr/regions/ocean-indien/documents/bulletin-regional/2013/situation-de-la-dengue-a-la-reunion.-point-epidemiologique-au-29-juillet-2013,
REUNION,2013,22,2,https://www.santepubliquefrance.fr/regions/ocean-indien/documents/bulletin-regional/2013/situation-de-la-dengue-a-la-reunion.-point-epidemiologique-au-29-juillet-2013,
REUNION,2013,23,1,https://www.santepubliquefrance.fr/regions/ocean-indien/documents/bulletin-regional/2013/situation-de-la-dengue-a-la-reunion.-point-epidemiologique-au-29-juillet-2013,
REUNION,2013,24,1,https://www.santepubliquefrance.fr/regions/ocean-indien/documents/bulletin-regional/2013/situation-de-la-dengue-a-la-reunion.-point-epidemiologique-au-29-juillet-2013,
REUNION,2013,25,0,https://www.santepubliquefrance.fr/regions/ocean-indien/documents/bulletin-regional/2013/situation-de-la-dengue-a-la-reunion.-point-epidemiologique-au-29-juillet-2013,
REUNION,2013,26,0,https://www.santepubliquefrance.fr/regions/ocean-indien/documents/bulletin-regional/2013/situation-de-la-dengue-a-la-reunion.-point-epidemiologique-au-29-juillet-2013,
REUNION,2013,27,0,https://www.santepubliquefrance.fr/regions/ocean-indien/documents/bulletin-regional/2013/situation-de-la-dengue-a-la-reunion.-point-epidemiologique-au-29-juillet-2013,
REUNION,2013,28,0,https://www.santepubliquefrance.fr/regions/ocean-indien/documents/bulletin-regional/2013/situation-de-la-dengue-a-la-reunion.-point-epidemiologique-au-29-juillet-2013,
REUNION,2013,29,1,https://www.santepubliquefrance.fr/regions/ocean-indien/documents/bulletin-regional/2013/situation-de-la-dengue-a-la-reunion.-point-epidemiologique-au-29-juillet-2013,
REUNION,2013,30,0,https://www.santepubliquefrance.fr/regions/ocean-indien/documents/bulletin-regional/2013/situation-de-la-dengue-a-la-reunion.-point-epidemiologique-au-29-juillet-2013,
REUNION,2013,31,0,https://www.santepubliquefrance.fr/content/download/135235/2070208,
REUNION,2013,32,0,https://www.santepubliquefrance.fr/content/download/135235/2070208,
REUNION,2013,33,0,https://www.santepubliquefrance.fr/content/download/135235/2070208,
REUNION,2013,34,0,https://www.santepubliquefrance.fr/content/download/135235/2070208,
REUNION,2013,35,0,https://www.santepubliquefrance.fr/content/download/135235/2070208,
REUNION,2013,36,0,https://www.santepubliquefrance.fr/content/download/135235/2070208,
REUNION,2013,37,0,https://www.santepubliquefrance.fr/content/download/135235/2070208,
REUNION,2013,38,0,https://www.santepubliquefrance.fr/content/download/135235/2070208,
REUNION,2013,39,0,https://www.santepubliquefrance.fr/content/download/135235/2070208,
REUNION,2013,40,0,https://www.santepubliquefrance.fr/content/download/135235/2070208,
REUNION,2013,41,0,https://www.santepubliquefrance.fr/content/download/135235/2070208,
REUNION,2013,42,0,https://www.santepubliquefrance.fr/content/download/135235/2070208,
REUNION,2013,43,0,https://www.santepubliquefrance.fr/content/download/135235/2070208,
REUNION,2013,44,0,https://www.santepubliquefrance.fr/content/download/135235/2070208,
REUNION,2013,45,0,https://www.santepubliquefrance.fr/content/download/135235/2070208,
REUNION,2013,46,0,assumed the end of outbreak,
REUNION,2013,47,0,assumed the end of outbreak,
REUNION,2013,48,0,assumed the end of outbreak,
REUNION,2013,49,0,assumed the end of outbreak,
REUNION,2013,50,0,assumed the end of outbreak,
REUNION,2013,51,0,assumed the end of outbreak,
REUNION,2013,52,0,assumed the end of outbreak,
REUNION,2014,1,0,https://www.santepubliquefrance.fr/regions/ocean-indien/documents/bulletin-regional/2014/surveillance-des-arboviroses-a-la-reunion.-point-epidemiologique-au-28-novembre-2014,
REUNION,2014,2,0,https://www.santepubliquefrance.fr/regions/ocean-indien/documents/bulletin-regional/2014/surveillance-des-arboviroses-a-la-reunion.-point-epidemiologique-au-28-novembre-2014,
REUNION,2014,3,0,https://www.santepubliquefrance.fr/regions/ocean-indien/documents/bulletin-regional/2014/surveillance-des-arboviroses-a-la-reunion.-point-epidemiologique-au-28-novembre-2014,
REUNION,2014,4,0,https://www.santepubliquefrance.fr/regions/ocean-indien/documents/bulletin-regional/2014/surveillance-des-arboviroses-a-la-reunion.-point-epidemiologique-au-28-novembre-2014,
REUNION,2014,5,0,https://www.santepubliquefrance.fr/regions/ocean-indien/documents/bulletin-regional/2014/surveillance-des-arboviroses-a-la-reunion.-point-epidemiologique-au-28-novembre-2014,
REUNION,2014,6,0,https://www.santepubliquefrance.fr/regions/ocean-indien/documents/bulletin-regional/2014/surveillance-des-arboviroses-a-la-reunion.-point-epidemiologique-au-28-novembre-2014,
REUNION,2014,7,0,https://www.santepubliquefrance.fr/regions/ocean-indien/documents/bulletin-regional/2014/surveillance-des-arboviroses-a-la-reunion.-point-epidemiologique-au-28-novembre-2014,
REUNION,2014,8,0,https://www.santepubliquefrance.fr/regions/ocean-indien/documents/bulletin-regional/2014/surveillance-des-arboviroses-a-la-reunion.-point-epidemiologique-au-28-novembre-2014,
REUNION,2014,9,0,https://www.santepubliquefrance.fr/regions/ocean-indien/documents/bulletin-regional/2014/surveillance-des-arboviroses-a-la-reunion.-point-epidemiologique-au-28-novembre-2014,
REUNION,2014,10,1,https://www.santepubliquefrance.fr/regions/ocean-indien/documents/bulletin-regional/2014/surveillance-des-arboviroses-a-la-reunion.-point-epidemiologique-au-28-novembre-2014,
REUNION,2014,11,0,https://www.santepubliquefrance.fr/regions/ocean-indien/documents/bulletin-regional/2014/surveillance-des-arboviroses-a-la-reunion.-point-epidemiologique-au-28-novembre-2014,
REUNION,2014,12,1,https://www.santepubliquefrance.fr/regions/ocean-indien/documents/bulletin-regional/2014/surveillance-des-arboviroses-a-la-reunion.-point-epidemiologique-au-28-novembre-2014,
REUNION,2014,13,1,https://www.santepubliquefrance.fr/regions/ocean-indien/documents/bulletin-regional/2014/surveillance-des-arboviroses-a-la-reunion.-point-epidemiologique-au-28-novembre-2014,
REUNION,2014,14,1,https://www.santepubliquefrance.fr/regions/ocean-indien/documents/bulletin-regional/2014/surveillance-des-arboviroses-a-la-reunion.-point-epidemiologique-au-28-novembre-2014,
REUNION,2014,15,1,https://www.santepubliquefrance.fr/regions/ocean-indien/documents/bulletin-regional/2014/surveillance-des-arboviroses-a-la-reunion.-point-epidemiologique-au-28-novembre-2014,
REUNION,2014,16,0,https://www.santepubliquefrance.fr/regions/ocean-indien/documents/bulletin-regional/2014/surveillance-des-arboviroses-a-la-reunion.-point-epidemiologique-au-28-novembre-2014,
REUNION,2014,17,3,https://www.santepubliquefrance.fr/regions/ocean-indien/documents/bulletin-regional/2014/surveillance-des-arboviroses-a-la-reunion.-point-epidemiologique-au-28-novembre-2014,
REUNION,2014,18,0,https://www.santepubliquefrance.fr/regions/ocean-indien/documents/bulletin-regional/2014/surveillance-des-arboviroses-a-la-reunion.-point-epidemiologique-au-28-novembre-2014,
REUNION,2014,19,1,https://www.santepubliquefrance.fr/regions/ocean-indien/documents/bulletin-regional/2014/surveillance-des-arboviroses-a-la-reunion.-point-epidemiologique-au-28-novembre-2014,
REUNION,2014,20,3,https://www.santepubliquefrance.fr/regions/ocean-indien/documents/bulletin-regional/2014/surveillance-des-arboviroses-a-la-reunion.-point-epidemiologique-au-28-novembre-2014,
REUNION,2014,21,4,https://www.santepubliquefrance.fr/regions/ocean-indien/documents/bulletin-regional/2014/surveillance-des-arboviroses-a-la-reunion.-point-epidemiologique-au-28-novembre-2014,
REUNION,2014,22,4,https://www.santepubliquefrance.fr/regions/ocean-indien/documents/bulletin-regional/2014/surveillance-des-arboviroses-a-la-reunion.-point-epidemiologique-au-28-novembre-2014,
REUNION,2014,23,4,https://www.santepubliquefrance.fr/regions/ocean-indien/documents/bulletin-regional/2014/surveillance-des-arboviroses-a-la-reunion.-point-epidemiologique-au-28-novembre-2014,
REUNION,2014,24,3,https://www.santepubliquefrance.fr/regions/ocean-indien/documents/bulletin-regional/2014/surveillance-des-arboviroses-a-la-reunion.-point-epidemiologique-au-28-novembre-2014,
REUNION,2014,25,0,https://www.santepubliquefrance.fr/regions/ocean-indien/documents/bulletin-regional/2014/surveillance-des-arboviroses-a-la-reunion.-point-epidemiologique-au-28-novembre-2014,
REUNION,2014,26,1,https://www.santepubliquefrance.fr/regions/ocean-indien/documents/bulletin-regional/2014/surveillance-des-arboviroses-a-la-reunion.-point-epidemiologique-au-28-novembre-2014,
REUNION,2014,27,0,https://www.santepubliquefrance.fr/regions/ocean-indien/documents/bulletin-regional/2014/surveillance-des-arboviroses-a-la-reunion.-point-epidemiologique-au-28-novembre-2014,
REUNION,2014,28,0,https://www.santepubliquefrance.fr/regions/ocean-indien/documents/bulletin-regional/2014/surveillance-des-arboviroses-a-la-reunion.-point-epidemiologique-au-28-novembre-2014,
REUNION,2014,29,0,https://www.santepubliquefrance.fr/regions/ocean-indien/documents/bulletin-regional/2014/surveillance-des-arboviroses-a-la-reunion.-point-epidemiologique-au-28-novembre-2014,
REUNION,2014,30,0,https://www.santepubliquefrance.fr/regions/ocean-indien/documents/bulletin-regional/2014/surveillance-des-arboviroses-a-la-reunion.-point-epidemiologique-au-28-novembre-2014,
REUNION,2014,31,0,https://www.santepubliquefrance.fr/regions/ocean-indien/documents/bulletin-regional/2014/surveillance-des-arboviroses-a-la-reunion.-point-epidemiologique-au-28-novembre-2014,
REUNION,2014,32,0,https://www.santepubliquefrance.fr/regions/ocean-indien/documents/bulletin-regional/2014/surveillance-des-arboviroses-a-la-reunion.-point-epidemiologique-au-28-novembre-2014,
REUNION,2014,33,1,https://www.santepubliquefrance.fr/regions/ocean-indien/documents/bulletin-regional/2014/surveillance-des-arboviroses-a-la-reunion.-point-epidemiologique-au-28-novembre-2014,
REUNION,2014,34,0,https://www.santepubliquefrance.fr/regions/ocean-indien/documents/bulletin-regional/2014/surveillance-des-arboviroses-a-la-reunion.-point-epidemiologique-au-28-novembre-2014,
REUNION,2014,35,0,https://www.santepubliquefrance.fr/regions/ocean-indien/documents/bulletin-regional/2014/surveillance-des-arboviroses-a-la-reunion.-point-epidemiologique-au-28-novembre-2014,
REUNION,2014,36,0,https://www.santepubliquefrance.fr/regions/ocean-indien/documents/bulletin-regional/2014/surveillance-des-arboviroses-a-la-reunion.-point-epidemiologique-au-28-novembre-2014,
REUNION,2014,37,0,https://www.santepubliquefrance.fr/regions/ocean-indien/documents/bulletin-regional/2014/surveillance-des-arboviroses-a-la-reunion.-point-epidemiologique-au-28-novembre-2014,
REUNION,2014,38,0,https://www.santepubliquefrance.fr/regions/ocean-indien/documents/bulletin-regional/2014/surveillance-des-arboviroses-a-la-reunion.-point-epidemiologique-au-28-novembre-2014,
REUNION,2014,39,0,https://www.santepubliquefrance.fr/regions/ocean-indien/documents/bulletin-regional/2014/surveillance-des-arboviroses-a-la-reunion.-point-epidemiologique-au-28-novembre-2014,
REUNION,2014,40,0,https://www.santepubliquefrance.fr/regions/ocean-indien/documents/bulletin-regional/2014/surveillance-des-arboviroses-a-la-reunion.-point-epidemiologique-au-28-novembre-2014,
REUNION,2014,41,0,https://www.santepubliquefrance.fr/regions/ocean-indien/documents/bulletin-regional/2014/surveillance-des-arboviroses-a-la-reunion.-point-epidemiologique-au-28-novembre-2014,
REUNION,2014,42,0,https://www.santepubliquefrance.fr/regions/ocean-indien/documents/bulletin-regional/2014/surveillance-des-arboviroses-a-la-reunion.-point-epidemiologique-au-28-novembre-2014,
REUNION,2014,43,0,https://www.santepubliquefrance.fr/regions/ocean-indien/documents/bulletin-regional/2014/surveillance-des-arboviroses-a-la-reunion.-point-epidemiologique-au-28-novembre-2014,
REUNION,2014,44,0,https://www.santepubliquefrance.fr/regions/ocean-indien/documents/bulletin-regional/2014/surveillance-des-arboviroses-a-la-reunion.-point-epidemiologique-au-28-novembre-2014,
REUNION,2014,45,0,https://www.santepubliquefrance.fr/regions/ocean-indien/documents/bulletin-regional/2014/surveillance-des-arboviroses-a-la-reunion.-point-epidemiologique-au-28-novembre-2014,
REUNION,2014,46,0,https://www.santepubliquefrance.fr/regions/ocean-indien/documents/bulletin-regional/2014/surveillance-des-arboviroses-a-la-reunion.-point-epidemiologique-au-28-novembre-2014,
REUNION,2014,47,0,https://www.santepubliquefrance.fr/regions/ocean-indien/documents/bulletin-regional/2014/surveillance-des-arboviroses-a-la-reunion.-point-epidemiologique-au-28-novembre-2014,
REUNION,2014,48,0,https://www.santepubliquefrance.fr/regions/ocean-indien/documents/bulletin-regional/2014/surveillance-des-arboviroses-a-la-reunion.-point-epidemiologique-au-28-novembre-2014,
REUNION,2014,49,0,https://www.santepubliquefrance.fr/regions/ocean-indien/documents/bulletin-regional/2014/surveillance-des-arboviroses-a-la-reunion.-point-epidemiologique-au-28-novembre-2014,
REUNION,2014,50,0,https://www.santepubliquefrance.fr/regions/ocean-indien/documents/bulletin-regional/2014/surveillance-des-arboviroses-a-la-reunion.-point-epidemiologique-au-28-novembre-2014,
REUNION,2014,51,0,https://www.santepubliquefrance.fr/regions/ocean-indien/documents/bulletin-regional/2014/surveillance-des-arboviroses-a-la-reunion.-point-epidemiologique-au-28-novembre-2014,
REUNION,2014,52,0,https://www.santepubliquefrance.fr/regions/ocean-indien/documents/bulletin-regional/2014/surveillance-des-arboviroses-a-la-reunion.-point-epidemiologique-au-28-novembre-2014,
REUNION,2014,53,0,https://www.santepubliquefrance.fr/regions/ocean-indien/documents/bulletin-regional/2014/surveillance-des-arboviroses-a-la-reunion.-point-epidemiologique-au-28-novembre-2014,
REUNION,2015,42,0,https://www.lareunion.ars.sante.fr/sites/default/files/2017-03/5-PRS%202%20DIAGNOSTIC%20Situation%20sanitaire%20R%C3%A9union%20et%20Mayotte_Janvier%202017_0_1.pdf,
REUNION,2015,43,0,https://www.lareunion.ars.sante.fr/sites/default/files/2017-03/5-PRS%202%20DIAGNOSTIC%20Situation%20sanitaire%20R%C3%A9union%20et%20Mayotte_Janvier%202017_0_1.pdf,
REUNION,2015,44,1,https://www.lareunion.ars.sante.fr/sites/default/files/2017-03/5-PRS%202%20DIAGNOSTIC%20Situation%20sanitaire%20R%C3%A9union%20et%20Mayotte_Janvier%202017_0_1.pdf,
REUNION,2015,45,0,https://www.lareunion.ars.sante.fr/sites/default/files/2017-03/5-PRS%202%20DIAGNOSTIC%20Situation%20sanitaire%20R%C3%A9union%20et%20Mayotte_Janvier%202017_0_1.pdf,
REUNION,2015,46,1,https://www.lareunion.ars.sante.fr/sites/default/files/2017-03/5-PRS%202%20DIAGNOSTIC%20Situation%20sanitaire%20R%C3%A9union%20et%20Mayotte_Janvier%202017_0_1.pdf,
REUNION,2015,47,0,https://www.lareunion.ars.sante.fr/sites/default/files/2017-03/5-PRS%202%20DIAGNOSTIC%20Situation%20sanitaire%20R%C3%A9union%20et%20Mayotte_Janvier%202017_0_1.pdf,
REUNION,2015,48,1,https://www.lareunion.ars.sante.fr/sites/default/files/2017-03/5-PRS%202%20DIAGNOSTIC%20Situation%20sanitaire%20R%C3%A9union%20et%20Mayotte_Janvier%202017_0_1.pdf,
REUNION,2015,49,0,https://www.lareunion.ars.sante.fr/sites/default/files/2017-03/5-PRS%202%20DIAGNOSTIC%20Situation%20sanitaire%20R%C3%A9union%20et%20Mayotte_Janvier%202017_0_1.pdf,
REUNION,2015,50,2,https://www.lareunion.ars.sante.fr/sites/default/files/2017-03/5-PRS%202%20DIAGNOSTIC%20Situation%20sanitaire%20R%C3%A9union%20et%20Mayotte_Janvier%202017_0_1.pdf,
REUNION,2015,51,2,https://www.lareunion.ars.sante.fr/sites/default/files/2017-03/5-PRS%202%20DIAGNOSTIC%20Situation%20sanitaire%20R%C3%A9union%20et%20Mayotte_Janvier%202017_0_1.pdf,
REUNION,2015,52,3,https://www.lareunion.ars.sante.fr/sites/default/files/2017-03/5-PRS%202%20DIAGNOSTIC%20Situation%20sanitaire%20R%C3%A9union%20et%20Mayotte_Janvier%202017_0_1.pdf,
REUNION,2016,1,5,https://www.lareunion.ars.sante.fr/sites/default/files/2017-03/5-PRS%202%20DIAGNOSTIC%20Situation%20sanitaire%20R%C3%A9union%20et%20Mayotte_Janvier%202017_0_1.pdf,
REUNION,2016,2,1,https://www.lareunion.ars.sante.fr/sites/default/files/2017-03/5-PRS%202%20DIAGNOSTIC%20Situation%20sanitaire%20R%C3%A9union%20et%20Mayotte_Janvier%202017_0_1.pdf,
REUNION,2016,3,0,https://www.lareunion.ars.sante.fr/sites/default/files/2017-03/5-PRS%202%20DIAGNOSTIC%20Situation%20sanitaire%20R%C3%A9union%20et%20Mayotte_Janvier%202017_0_1.pdf,
REUNION,2016,4,1,https://www.lareunion.ars.sante.fr/sites/default/files/2017-03/5-PRS%202%20DIAGNOSTIC%20Situation%20sanitaire%20R%C3%A9union%20et%20Mayotte_Janvier%202017_0_1.pdf,
REUNION,2016,5,2,https://www.lareunion.ars.sante.fr/sites/default/files/2017-03/5-PRS%202%20DIAGNOSTIC%20Situation%20sanitaire%20R%C3%A9union%20et%20Mayotte_Janvier%202017_0_1.pdf,
REUNION,2016,6,3,https://www.lareunion.ars.sante.fr/sites/default/files/2017-03/5-PRS%202%20DIAGNOSTIC%20Situation%20sanitaire%20R%C3%A9union%20et%20Mayotte_Janvier%202017_0_1.pdf,
REUNION,2016,7,5,https://www.lareunion.ars.sante.fr/sites/default/files/2017-03/5-PRS%202%20DIAGNOSTIC%20Situation%20sanitaire%20R%C3%A9union%20et%20Mayotte_Janvier%202017_0_1.pdf,
REUNION,2016,8,10,https://www.lareunion.ars.sante.fr/sites/default/files/2017-03/5-PRS%202%20DIAGNOSTIC%20Situation%20sanitaire%20R%C3%A9union%20et%20Mayotte_Janvier%202017_0_1.pdf,
REUNION,2016,9,3,https://www.lareunion.ars.sante.fr/sites/default/files/2017-03/5-PRS%202%20DIAGNOSTIC%20Situation%20sanitaire%20R%C3%A9union%20et%20Mayotte_Janvier%202017_0_1.pdf,
REUNION,2016,10,9,https://www.lareunion.ars.sante.fr/sites/default/files/2017-03/5-PRS%202%20DIAGNOSTIC%20Situation%20sanitaire%20R%C3%A9union%20et%20Mayotte_Janvier%202017_0_1.pdf,
REUNION,2016,11,9,https://www.lareunion.ars.sante.fr/sites/default/files/2017-03/5-PRS%202%20DIAGNOSTIC%20Situation%20sanitaire%20R%C3%A9union%20et%20Mayotte_Janvier%202017_0_1.pdf,
REUNION,2016,12,13,https://www.lareunion.ars.sante.fr/sites/default/files/2017-03/5-PRS%202%20DIAGNOSTIC%20Situation%20sanitaire%20R%C3%A9union%20et%20Mayotte_Janvier%202017_0_1.pdf,
REUNION,2016,13,17,https://www.lareunion.ars.sante.fr/sites/default/files/2017-03/5-PRS%202%20DIAGNOSTIC%20Situation%20sanitaire%20R%C3%A9union%20et%20Mayotte_Janvier%202017_0_1.pdf,
REUNION,2016,14,26,https://www.lareunion.ars.sante.fr/sites/default/files/2017-03/5-PRS%202%20DIAGNOSTIC%20Situation%20sanitaire%20R%C3%A9union%20et%20Mayotte_Janvier%202017_0_1.pdf,
REUNION,2016,15,20,https://www.lareunion.ars.sante.fr/sites/default/files/2017-03/5-PRS%202%20DIAGNOSTIC%20Situation%20sanitaire%20R%C3%A9union%20et%20Mayotte_Janvier%202017_0_1.pdf,
REUNION,2016,16,20,https://www.lareunion.ars.sante.fr/sites/default/files/2017-03/5-PRS%202%20DIAGNOSTIC%20Situation%20sanitaire%20R%C3%A9union%20et%20Mayotte_Janvier%202017_0_1.pdf,
REUNION,2016,17,16,https://www.lareunion.ars.sante.fr/sites/default/files/2017-03/5-PRS%202%20DIAGNOSTIC%20Situation%20sanitaire%20R%C3%A9union%20et%20Mayotte_Janvier%202017_0_1.pdf,
REUNION,2016,18,20,https://www.lareunion.ars.sante.fr/sites/default/files/2017-03/5-PRS%202%20DIAGNOSTIC%20Situation%20sanitaire%20R%C3%A9union%20et%20Mayotte_Janvier%202017_0_1.pdf,
REUNION,2016,19,11,https://www.lareunion.ars.sante.fr/sites/default/files/2017-03/5-PRS%202%20DIAGNOSTIC%20Situation%20sanitaire%20R%C3%A9union%20et%20Mayotte_Janvier%202017_0_1.pdf,
REUNION,2016,20,14,https://www.lareunion.ars.sante.fr/sites/default/files/2017-03/5-PRS%202%20DIAGNOSTIC%20Situation%20sanitaire%20R%C3%A9union%20et%20Mayotte_Janvier%202017_0_1.pdf,
REUNION,2016,21,5,https://www.lareunion.ars.sante.fr/sites/default/files/2017-03/5-PRS%202%20DIAGNOSTIC%20Situation%20sanitaire%20R%C3%A9union%20et%20Mayotte_Janvier%202017_0_1.pdf,
REUNION,2016,22,3,https://www.lareunion.ars.sante.fr/sites/default/files/2017-03/5-PRS%202%20DIAGNOSTIC%20Situation%20sanitaire%20R%C3%A9union%20et%20Mayotte_Janvier%202017_0_1.pdf,
REUNION,2016,23,4,https://www.lareunion.ars.sante.fr/sites/default/files/2017-03/5-PRS%202%20DIAGNOSTIC%20Situation%20sanitaire%20R%C3%A9union%20et%20Mayotte_Janvier%202017_0_1.pdf,
REUNION,2016,24,1,https://www.lareunion.ars.sante.fr/sites/default/files/2017-03/5-PRS%202%20DIAGNOSTIC%20Situation%20sanitaire%20R%C3%A9union%20et%20Mayotte_Janvier%202017_0_1.pdf,
REUNION,2016,25,0,https://www.lareunion.ars.sante.fr/sites/default/files/2017-03/5-PRS%202%20DIAGNOSTIC%20Situation%20sanitaire%20R%C3%A9union%20et%20Mayotte_Janvier%202017_0_1.pdf,
REUNION,2016,26,2,https://www.lareunion.ars.sante.fr/sites/default/files/2017-03/5-PRS%202%20DIAGNOSTIC%20Situation%20sanitaire%20R%C3%A9union%20et%20Mayotte_Janvier%202017_0_1.pdf,
REUNION,2016,27,1,https://www.lareunion.ars.sante.fr/sites/default/files/2017-03/5-PRS%202%20DIAGNOSTIC%20Situation%20sanitaire%20R%C3%A9union%20et%20Mayotte_Janvier%202017_0_1.pdf,
REUNION,2016,28,0,https://www.lareunion.ars.sante.fr/sites/default/files/2017-03/5-PRS%202%20DIAGNOSTIC%20Situation%20sanitaire%20R%C3%A9union%20et%20Mayotte_Janvier%202017_0_1.pdf,
REUNION,2016,29,0,https://www.lareunion.ars.sante.fr/sites/default/files/2017-03/5-PRS%202%20DIAGNOSTIC%20Situation%20sanitaire%20R%C3%A9union%20et%20Mayotte_Janvier%202017_0_1.pdf,
REUNION,2016,30,0,https://www.lareunion.ars.sante.fr/sites/default/files/2017-03/5-PRS%202%20DIAGNOSTIC%20Situation%20sanitaire%20R%C3%A9union%20et%20Mayotte_Janvier%202017_0_1.pdf,
REUNION,2016,31,0,https://www.lareunion.ars.sante.fr/sites/default/files/2017-03/5-PRS%202%20DIAGNOSTIC%20Situation%20sanitaire%20R%C3%A9union%20et%20Mayotte_Janvier%202017_0_1.pdf,
REUNION,2016,32,0,https://www.lareunion.ars.sante.fr/sites/default/files/2017-03/5-PRS%202%20DIAGNOSTIC%20Situation%20sanitaire%20R%C3%A9union%20et%20Mayotte_Janvier%202017_0_1.pdf,
REUNION,2016,33,0,https://www.lareunion.ars.sante.fr/sites/default/files/2017-03/5-PRS%202%20DIAGNOSTIC%20Situation%20sanitaire%20R%C3%A9union%20et%20Mayotte_Janvier%202017_0_1.pdf,
REUNION,2016,34,0,https://www.lareunion.ars.sante.fr/sites/default/files/2017-03/5-PRS%202%20DIAGNOSTIC%20Situation%20sanitaire%20R%C3%A9union%20et%20Mayotte_Janvier%202017_0_1.pdf,
REUNION,2016,35,0,https://www.lareunion.ars.sante.fr/sites/default/files/2017-03/5-PRS%202%20DIAGNOSTIC%20Situation%20sanitaire%20R%C3%A9union%20et%20Mayotte_Janvier%202017_0_1.pdf,
REUNION,2016,36,0,https://www.lareunion.ars.sante.fr/sites/default/files/2017-03/5-PRS%202%20DIAGNOSTIC%20Situation%20sanitaire%20R%C3%A9union%20et%20Mayotte_Janvier%202017_0_1.pdf,
REUNION,2016,37,0,https://www.lareunion.ars.sante.fr/sites/default/files/2017-03/5-PRS%202%20DIAGNOSTIC%20Situation%20sanitaire%20R%C3%A9union%20et%20Mayotte_Janvier%202017_0_1.pdf,
REUNION,2016,38,0,https://www.lareunion.ars.sante.fr/sites/default/files/2017-03/5-PRS%202%20DIAGNOSTIC%20Situation%20sanitaire%20R%C3%A9union%20et%20Mayotte_Janvier%202017_0_1.pdf,
REUNION,2016,39,0,https://www.lareunion.ars.sante.fr/sites/default/files/2017-03/5-PRS%202%20DIAGNOSTIC%20Situation%20sanitaire%20R%C3%A9union%20et%20Mayotte_Janvier%202017_0_1.pdf,
REUNION,2016,40,0,assumed the end of outbreak,
REUNION,2016,41,0,assumed the end of outbreak,
REUNION,2016,42,0,assumed the end of outbreak,
REUNION,2016,43,0,assumed the end of outbreak,
REUNION,2016,44,0,assumed the end of outbreak,
REUNION,2016,45,0,assumed the end of outbreak,
REUNION,2016,46,0,assumed the end of outbreak,
REUNION,2016,47,0,assumed the end of outbreak,
REUNION,2016,48,0,assumed the end of outbreak,
REUNION,2016,49,0,assumed the end of outbreak,
REUNION,2016,50,0,assumed the end of outbreak,
REUNION,2016,51,0,assumed the end of outbreak,
REUNION,2016,52,0,assumed the end of outbreak,
MAYOTTE,2014,1,0,https://www.lareunion.ars.sante.fr/sites/default/files/2017-03/5-PRS%202%20DIAGNOSTIC%20Situation%20sanitaire%20R%C3%A9union%20et%20Mayotte_Janvier%202017_0_1.pdf,
MAYOTTE,2014,2,6,https://www.lareunion.ars.sante.fr/sites/default/files/2017-03/5-PRS%202%20DIAGNOSTIC%20Situation%20sanitaire%20R%C3%A9union%20et%20Mayotte_Janvier%202017_0_1.pdf,
MAYOTTE,2014,3,4,https://www.lareunion.ars.sante.fr/sites/default/files/2017-03/5-PRS%202%20DIAGNOSTIC%20Situation%20sanitaire%20R%C3%A9union%20et%20Mayotte_Janvier%202017_0_1.pdf,
MAYOTTE,2014,4,4,https://www.lareunion.ars.sante.fr/sites/default/files/2017-03/5-PRS%202%20DIAGNOSTIC%20Situation%20sanitaire%20R%C3%A9union%20et%20Mayotte_Janvier%202017_0_1.pdf,
MAYOTTE,2014,5,3,https://www.lareunion.ars.sante.fr/sites/default/files/2017-03/5-PRS%202%20DIAGNOSTIC%20Situation%20sanitaire%20R%C3%A9union%20et%20Mayotte_Janvier%202017_0_1.pdf,
MAYOTTE,2014,6,1,https://www.lareunion.ars.sante.fr/sites/default/files/2017-03/5-PRS%202%20DIAGNOSTIC%20Situation%20sanitaire%20R%C3%A9union%20et%20Mayotte_Janvier%202017_0_1.pdf,
MAYOTTE,2014,7,1,https://www.lareunion.ars.sante.fr/sites/default/files/2017-03/5-PRS%202%20DIAGNOSTIC%20Situation%20sanitaire%20R%C3%A9union%20et%20Mayotte_Janvier%202017_0_1.pdf,
MAYOTTE,2014,8,4,https://www.lareunion.ars.sante.fr/sites/default/files/2017-03/5-PRS%202%20DIAGNOSTIC%20Situation%20sanitaire%20R%C3%A9union%20et%20Mayotte_Janvier%202017_0_1.pdf,
MAYOTTE,2014,9,4,https://www.lareunion.ars.sante.fr/sites/default/files/2017-03/5-PRS%202%20DIAGNOSTIC%20Situation%20sanitaire%20R%C3%A9union%20et%20Mayotte_Janvier%202017_0_1.pdf,
MAYOTTE,2014,10,1,https://www.lareunion.ars.sante.fr/sites/default/files/2017-03/5-PRS%202%20DIAGNOSTIC%20Situation%20sanitaire%20R%C3%A9union%20et%20Mayotte_Janvier%202017_0_1.pdf,
MAYOTTE,2014,11,1,https://www.lareunion.ars.sante.fr/sites/default/files/2017-03/5-PRS%202%20DIAGNOSTIC%20Situation%20sanitaire%20R%C3%A9union%20et%20Mayotte_Janvier%202017_0_1.pdf,
MAYOTTE,2014,12,12,https://www.lareunion.ars.sante.fr/sites/default/files/2017-03/5-PRS%202%20DIAGNOSTIC%20Situation%20sanitaire%20R%C3%A9union%20et%20Mayotte_Janvier%202017_0_1.pdf,
MAYOTTE,2014,13,16,https://www.lareunion.ars.sante.fr/sites/default/files/2017-03/5-PRS%202%20DIAGNOSTIC%20Situation%20sanitaire%20R%C3%A9union%20et%20Mayotte_Janvier%202017_0_1.pdf,
MAYOTTE,2014,14,7,https://www.lareunion.ars.sante.fr/sites/default/files/2017-03/5-PRS%202%20DIAGNOSTIC%20Situation%20sanitaire%20R%C3%A9union%20et%20Mayotte_Janvier%202017_0_1.pdf,
MAYOTTE,2014,15,5,https://www.lareunion.ars.sante.fr/sites/default/files/2017-03/5-PRS%202%20DIAGNOSTIC%20Situation%20sanitaire%20R%C3%A9union%20et%20Mayotte_Janvier%202017_0_1.pdf,
MAYOTTE,2014,16,10,https://www.lareunion.ars.sante.fr/sites/default/files/2017-03/5-PRS%202%20DIAGNOSTIC%20Situation%20sanitaire%20R%C3%A9union%20et%20Mayotte_Janvier%202017_0_1.pdf,
MAYOTTE,2014,17,20,https://www.lareunion.ars.sante.fr/sites/default/files/2017-03/5-PRS%202%20DIAGNOSTIC%20Situation%20sanitaire%20R%C3%A9union%20et%20Mayotte_Janvier%202017_0_1.pdf,
MAYOTTE,2014,18,22,https://www.lareunion.ars.sante.fr/sites/default/files/2017-03/5-PRS%202%20DIAGNOSTIC%20Situation%20sanitaire%20R%C3%A9union%20et%20Mayotte_Janvier%202017_0_1.pdf,
MAYOTTE,2014,19,32,https://www.lareunion.ars.sante.fr/sites/default/files/2017-03/5-PRS%202%20DIAGNOSTIC%20Situation%20sanitaire%20R%C3%A9union%20et%20Mayotte_Janvier%202017_0_1.pdf,
MAYOTTE,2014,20,51,https://www.lareunion.ars.sante.fr/sites/default/files/2017-03/5-PRS%202%20DIAGNOSTIC%20Situation%20sanitaire%20R%C3%A9union%20et%20Mayotte_Janvier%202017_0_1.pdf,
MAYOTTE,2014,21,53,https://www.lareunion.ars.sante.fr/sites/default/files/2017-03/5-PRS%202%20DIAGNOSTIC%20Situation%20sanitaire%20R%C3%A9union%20et%20Mayotte_Janvier%202017_0_1.pdf,
MAYOTTE,2014,22,49,https://www.lareunion.ars.sante.fr/sites/default/files/2017-03/5-PRS%202%20DIAGNOSTIC%20Situation%20sanitaire%20R%C3%A9union%20et%20Mayotte_Janvier%202017_0_1.pdf,
MAYOTTE,2014,23,49,https://www.lareunion.ars.sante.fr/sites/default/files/2017-03/5-PRS%202%20DIAGNOSTIC%20Situation%20sanitaire%20R%C3%A9union%20et%20Mayotte_Janvier%202017_0_1.pdf,
MAYOTTE,2014,24,34,https://www.lareunion.ars.sante.fr/sites/default/files/2017-03/5-PRS%202%20DIAGNOSTIC%20Situation%20sanitaire%20R%C3%A9union%20et%20Mayotte_Janvier%202017_0_1.pdf,
MAYOTTE,2014,25,30,https://www.lareunion.ars.sante.fr/sites/default/files/2017-03/5-PRS%202%20DIAGNOSTIC%20Situation%20sanitaire%20R%C3%A9union%20et%20Mayotte_Janvier%202017_0_1.pdf,
MAYOTTE,2014,26,22,https://www.lareunion.ars.sante.fr/sites/default/files/2017-03/5-PRS%202%20DIAGNOSTIC%20Situation%20sanitaire%20R%C3%A9union%20et%20Mayotte_Janvier%202017_0_1.pdf,
MAYOTTE,2014,27,31,https://www.lareunion.ars.sante.fr/sites/default/files/2017-03/5-PRS%202%20DIAGNOSTIC%20Situation%20sanitaire%20R%C3%A9union%20et%20Mayotte_Janvier%202017_0_1.pdf,
MAYOTTE,2014,28,20,https://www.lareunion.ars.sante.fr/sites/default/files/2017-03/5-PRS%202%20DIAGNOSTIC%20Situation%20sanitaire%20R%C3%A9union%20et%20Mayotte_Janvier%202017_0_1.pdf,
MAYOTTE,2014,29,8,https://www.lareunion.ars.sante.fr/sites/default/files/2017-03/5-PRS%202%20DIAGNOSTIC%20Situation%20sanitaire%20R%C3%A9union%20et%20Mayotte_Janvier%202017_0_1.pdf,
MAYOTTE,2014,30,4,https://www.lareunion.ars.sante.fr/sites/default/files/2017-03/5-PRS%202%20DIAGNOSTIC%20Situation%20sanitaire%20R%C3%A9union%20et%20Mayotte_Janvier%202017_0_1.pdf,
MAYOTTE,2014,31,4,https://www.lareunion.ars.sante.fr/sites/default/files/2017-03/5-PRS%202%20DIAGNOSTIC%20Situation%20sanitaire%20R%C3%A9union%20et%20Mayotte_Janvier%202017_0_1.pdf,
MAYOTTE,2014,32,2,https://www.lareunion.ars.sante.fr/sites/default/files/2017-03/5-PRS%202%20DIAGNOSTIC%20Situation%20sanitaire%20R%C3%A9union%20et%20Mayotte_Janvier%202017_0_1.pdf,
MAYOTTE,2014,33,1,https://www.lareunion.ars.sante.fr/sites/default/files/2017-03/5-PRS%202%20DIAGNOSTIC%20Situation%20sanitaire%20R%C3%A9union%20et%20Mayotte_Janvier%202017_0_1.pdf,
MAYOTTE,2014,34,0,https://www.lareunion.ars.sante.fr/sites/default/files/2017-03/5-PRS%202%20DIAGNOSTIC%20Situation%20sanitaire%20R%C3%A9union%20et%20Mayotte_Janvier%202017_0_1.pdf,
MAYOTTE,2014,35,0,https://www.lareunion.ars.sante.fr/sites/default/files/2017-03/5-PRS%202%20DIAGNOSTIC%20Situation%20sanitaire%20R%C3%A9union%20et%20Mayotte_Janvier%202017_0_1.pdf,
MAYOTTE,2014,36,0,https://www.lareunion.ars.sante.fr/sites/default/files/2017-03/5-PRS%202%20DIAGNOSTIC%20Situation%20sanitaire%20R%C3%A9union%20et%20Mayotte_Janvier%202017_0_1.pdf,
MAYOTTE,2014,37,2,https://www.lareunion.ars.sante.fr/sites/default/files/2017-03/5-PRS%202%20DIAGNOSTIC%20Situation%20sanitaire%20R%C3%A9union%20et%20Mayotte_Janvier%202017_0_1.pdf,
MAYOTTE,2014,38,0,https://www.lareunion.ars.sante.fr/sites/default/files/2017-03/5-PRS%202%20DIAGNOSTIC%20Situation%20sanitaire%20R%C3%A9union%20et%20Mayotte_Janvier%202017_0_1.pdf,
MAYOTTE,2014,39,3,https://www.lareunion.ars.sante.fr/sites/default/files/2017-03/5-PRS%202%20DIAGNOSTIC%20Situation%20sanitaire%20R%C3%A9union%20et%20Mayotte_Janvier%202017_0_1.pdf,
MAYOTTE,2014,40,1,https://www.lareunion.ars.sante.fr/sites/default/files/2017-03/5-PRS%202%20DIAGNOSTIC%20Situation%20sanitaire%20R%C3%A9union%20et%20Mayotte_Janvier%202017_0_1.pdf,
MAYOTTE,2014,41,1,https://www.lareunion.ars.sante.fr/sites/default/files/2017-03/5-PRS%202%20DIAGNOSTIC%20Situation%20sanitaire%20R%C3%A9union%20et%20Mayotte_Janvier%202017_0_1.pdf,
MAYOTTE,2014,42,0,https://www.lareunion.ars.sante.fr/sites/default/files/2017-03/5-PRS%202%20DIAGNOSTIC%20Situation%20sanitaire%20R%C3%A9union%20et%20Mayotte_Janvier%202017_0_1.pdf,
MAYOTTE,2014,43,0,https://www.lareunion.ars.sante.fr/sites/default/files/2017-03/5-PRS%202%20DIAGNOSTIC%20Situation%20sanitaire%20R%C3%A9union%20et%20Mayotte_Janvier%202017_0_1.pdf,
MAYOTTE,2014,44,0,https://www.lareunion.ars.sante.fr/sites/default/files/2017-03/5-PRS%202%20DIAGNOSTIC%20Situation%20sanitaire%20R%C3%A9union%20et%20Mayotte_Janvier%202017_0_1.pdf,
MAYOTTE,2014,45,0,https://www.lareunion.ars.sante.fr/sites/default/files/2017-03/5-PRS%202%20DIAGNOSTIC%20Situation%20sanitaire%20R%C3%A9union%20et%20Mayotte_Janvier%202017_0_1.pdf,
MAYOTTE,2014,46,1,https://www.lareunion.ars.sante.fr/sites/default/files/2017-03/5-PRS%202%20DIAGNOSTIC%20Situation%20sanitaire%20R%C3%A9union%20et%20Mayotte_Janvier%202017_0_1.pdf,
MAYOTTE,2014,47,0,https://www.lareunion.ars.sante.fr/sites/default/files/2017-03/5-PRS%202%20DIAGNOSTIC%20Situation%20sanitaire%20R%C3%A9union%20et%20Mayotte_Janvier%202017_0_1.pdf,
MAYOTTE,2014,48,0,assumed the end of outbreak,
MAYOTTE,2014,49,0,assumed the end of outbreak,
MAYOTTE,2014,50,0,assumed the end of outbreak,
MAYOTTE,2014,51,0,assumed the end of outbreak,
MAYOTTE,2014,52,0,assumed the end of outbreak,
MAYOTTE,2014,53,0,assumed the end of outbreak,
SINGAPORE,2018,1,83,MOH-SGP-20122024-Y02-00,
SINGAPORE,2018,2,68,MOH-SGP-20122024-Y02-00,
SINGAPORE,2018,3,54,MOH-SGP-20122024-Y02-00,
SINGAPORE,2018,4,45,MOH-SGP-20122024-Y02-00,
SINGAPORE,2018,5,48,MOH-SGP-20122024-Y02-00,
SINGAPORE,2018,6,50,MOH-SGP-20122024-Y02-00,
SINGAPORE,2018,7,28,MOH-SGP-20122024-Y02-00,
SINGAPORE,2018,8,38,MOH-SGP-20122024-Y02-00,
SINGAPORE,2018,9,51,MOH-SGP-20122024-Y02-00,
SINGAPORE,2018,10,37,MOH-SGP-20122024-Y02-00,
SINGAPORE,2018,11,37,MOH-SGP-20122024-Y02-00,
SINGAPORE,2018,12,36,MOH-SGP-20122024-Y02-00,
SINGAPORE,2018,13,24,MOH-SGP-20122024-Y02-00,
SINGAPORE,2018,14,38,MOH-SGP-20122024-Y02-00,
SINGAPORE,2018,15,38,MOH-SGP-20122024-Y02-00,
SINGAPORE,2018,16,56,MOH-SGP-20122024-Y02-00,
SINGAPORE,2018,17,55,MOH-SGP-20122024-Y02-00,
SINGAPORE,2018,18,74,MOH-SGP-20122024-Y02-00,
SINGAPORE,2018,19,62,MOH-SGP-20122024-Y02-00,
SINGAPORE,2018,20,63,MOH-SGP-20122024-Y02-00,
SINGAPORE,2018,21,64,MOH-SGP-20122024-Y02-00,
SINGAPORE,2018,22,52,MOH-SGP-20122024-Y02-00,
SINGAPORE,2018,23,75,MOH-SGP-20122024-Y02-00,
SINGAPORE,2018,24,55,MOH-SGP-20122024-Y02-00,
SINGAPORE,2018,25,59,MOH-SGP-20122024-Y02-00,
SINGAPORE,2018,26,75,MOH-SGP-20122024-Y02-00,
SINGAPORE,2018,27,56,MOH-SGP-20122024-Y02-00,
SINGAPORE,2018,28,44,MOH-SGP-20122024-Y02-00,
SINGAPORE,2018,29,41,MOH-SGP-20122024-Y02-00,
SINGAPORE,2018,30,56,MOH-SGP-20122024-Y02-00,
SINGAPORE,2018,31,50,MOH-SGP-20122024-Y02-00,
SINGAPORE,2018,32,59,MOH-SGP-20122024-Y02-00,
SINGAPORE,2018,33,42,MOH-SGP-20122024-Y02-00,
SINGAPORE,2018,34,66,MOH-SGP-20122024-Y02-00,
SINGAPORE,2018,35,75,MOH-SGP-20122024-Y02-00,
SINGAPORE,2018,36,75,MOH-SGP-20122024-Y02-00,
SINGAPORE,2018,37,49,MOH-SGP-20122024-Y02-00,
SINGAPORE,2018,38,63,MOH-SGP-20122024-Y02-00,
SINGAPORE,2018,39,40,MOH-SGP-20122024-Y02-00,
SINGAPORE,2018,40,51,MOH-SGP-20122024-Y02-00,
SINGAPORE,2018,41,51,MOH-SGP-20122024-Y02-00,
SINGAPORE,2018,42,60,MOH-SGP-20122024-Y02-00,
SINGAPORE,2018,43,78,MOH-SGP-20122024-Y02-00,
SINGAPORE,2018,44,75,MOH-SGP-20122024-Y02-00,
SINGAPORE,2018,45,71,MOH-SGP-20122024-Y02-00,
SINGAPORE,2018,46,78,MOH-SGP-20122024-Y02-00,
SINGAPORE,2018,47,97,MOH-SGP-20122024-Y02-00,
SINGAPORE,2018,48,109,MOH-SGP-20122024-Y02-00,
SINGAPORE,2018,49,114,MOH-SGP-20122024-Y02-00,
SINGAPORE,2018,50,107,MOH-SGP-20122024-Y02-00,
SINGAPORE,2018,51,127,MOH-SGP-20122024-Y02-00,
SINGAPORE,2018,52,160,MOH-SGP-20122024-Y02-00,
SOLOMON ISLANDS,2016,1,0,https://journals.plos.org/plosone/article?id=10.1371/journal.pone.0198487,
SOLOMON ISLANDS,2016,2,0,https://journals.plos.org/plosone/article?id=10.1371/journal.pone.0198487,
SOLOMON ISLANDS,2016,3,0,https://journals.plos.org/plosone/article?id=10.1371/journal.pone.0198487,
SOLOMON ISLANDS,2016,4,0,https://journals.plos.org/plosone/article?id=10.1371/journal.pone.0198487,
SOLOMON ISLANDS,2016,5,0,https://journals.plos.org/plosone/article?id=10.1371/journal.pone.0198487,
SOLOMON ISLANDS,2016,6,0,https://journals.plos.org/plosone/article?id=10.1371/journal.pone.0198487,
SOLOMON ISLANDS,2016,7,0,https://journals.plos.org/plosone/article?id=10.1371/journal.pone.0198487,
SOLOMON ISLANDS,2016,8,0,https://journals.plos.org/plosone/article?id=10.1371/journal.pone.0198487,
SOLOMON ISLANDS,2016,9,0,https://journals.plos.org/plosone/article?id=10.1371/journal.pone.0198487,
SOLOMON ISLANDS,2016,10,0,https://journals.plos.org/plosone/article?id=10.1371/journal.pone.0198487,
SOLOMON ISLANDS,2016,11,0,https://journals.plos.org/plosone/article?id=10.1371/journal.pone.0198487,
SOLOMON ISLANDS,2016,12,0,https://journals.plos.org/plosone/article?id=10.1371/journal.pone.0198487,
SOLOMON ISLANDS,2016,13,0,https://journals.plos.org/plosone/article?id=10.1371/journal.pone.0198487,
SOLOMON ISLANDS,2016,14,0,https://journals.plos.org/plosone/article?id=10.1371/journal.pone.0198487,
SOLOMON ISLANDS,2016,15,0,https://journals.plos.org/plosone/article?id=10.1371/journal.pone.0198487,
SOLOMON ISLANDS,2016,16,0,https://journals.plos.org/plosone/article?id=10.1371/journal.pone.0198487,
SOLOMON ISLANDS,2016,17,0,https://journals.plos.org/plosone/article?id=10.1371/journal.pone.0198487,
SOLOMON ISLANDS,2016,18,0,https://journals.plos.org/plosone/article?id=10.1371/journal.pone.0198487,
SOLOMON ISLANDS,2016,19,0,https://journals.plos.org/plosone/article?id=10.1371/journal.pone.0198487,
SOLOMON ISLANDS,2016,20,0,https://journals.plos.org/plosone/article?id=10.1371/journal.pone.0198487,
SOLOMON ISLANDS,2016,21,0,https://journals.plos.org/plosone/article?id=10.1371/journal.pone.0198487,
SOLOMON ISLANDS,2016,22,0,https://journals.plos.org/plosone/article?id=10.1371/journal.pone.0198487,
SOLOMON ISLANDS,2016,23,0,https://journals.plos.org/plosone/article?id=10.1371/journal.pone.0198487,
SOLOMON ISLANDS,2016,24,0,https://journals.plos.org/plosone/article?id=10.1371/journal.pone.0198487,
SOLOMON ISLANDS,2016,25,0,https://journals.plos.org/plosone/article?id=10.1371/journal.pone.0198487,
SOLOMON ISLANDS,2016,26,0,https://journals.plos.org/plosone/article?id=10.1371/journal.pone.0198487,
SOLOMON ISLANDS,2016,27,0,https://journals.plos.org/plosone/article?id=10.1371/journal.pone.0198487,
SOLOMON ISLANDS,2016,28,0,https://journals.plos.org/plosone/article?id=10.1371/journal.pone.0198487,
SOLOMON ISLANDS,2016,29,0,https://journals.plos.org/plosone/article?id=10.1371/journal.pone.0198487,
SOLOMON ISLANDS,2016,30,0,https://journals.plos.org/plosone/article?id=10.1371/journal.pone.0198487,
SOLOMON ISLANDS,2016,31,0,https://journals.plos.org/plosone/article?id=10.1371/journal.pone.0198487,
SOLOMON ISLANDS,2016,32,0,https://journals.plos.org/plosone/article?id=10.1371/journal.pone.0198487,
SOLOMON ISLANDS,2016,33,15,https://journals.plos.org/plosone/article?id=10.1371/journal.pone.0198487,
SOLOMON ISLANDS,2016,34,25,https://journals.plos.org/plosone/article?id=10.1371/journal.pone.0198487,
SOLOMON ISLANDS,2016,35,35,https://journals.plos.org/plosone/article?id=10.1371/journal.pone.0198487,
SOLOMON ISLANDS,2016,36,46,https://journals.plos.org/plosone/article?id=10.1371/journal.pone.0198487,
SOLOMON ISLANDS,2016,37,92,https://journals.plos.org/plosone/article?id=10.1371/journal.pone.0198487,
SOLOMON ISLANDS,2016,38,54,https://journals.plos.org/plosone/article?id=10.1371/journal.pone.0198487,
SOLOMON ISLANDS,2016,39,48,https://journals.plos.org/plosone/article?id=10.1371/journal.pone.0198487,
SOLOMON ISLANDS,2016,40,163,https://journals.plos.org/plosone/article?id=10.1371/journal.pone.0198487,
SOLOMON ISLANDS,2016,41,726,https://journals.plos.org/plosone/article?id=10.1371/journal.pone.0198487,
SOLOMON ISLANDS,2016,42,504,https://journals.plos.org/plosone/article?id=10.1371/journal.pone.0198487,
SOLOMON ISLANDS,2016,43,516,https://journals.plos.org/plosone/article?id=10.1371/journal.pone.0198487,
SOLOMON ISLANDS,2016,44,522,https://journals.plos.org/plosone/article?id=10.1371/journal.pone.0198487,
SOLOMON ISLANDS,2016,45,628,https://journals.plos.org/plosone/article?id=10.1371/journal.pone.0198487,
SOLOMON ISLANDS,2016,46,565,https://journals.plos.org/plosone/article?id=10.1371/journal.pone.0198487,
SOLOMON ISLANDS,2016,47,757,https://journals.plos.org/plosone/article?id=10.1371/journal.pone.0198487,
SOLOMON ISLANDS,2016,48,680,https://journals.plos.org/plosone/article?id=10.1371/journal.pone.0198487,
SOLOMON ISLANDS,2016,49,745,https://journals.plos.org/plosone/article?id=10.1371/journal.pone.0198487,
SOLOMON ISLANDS,2016,50,565,https://journals.plos.org/plosone/article?id=10.1371/journal.pone.0198487,
SOLOMON ISLANDS,2016,51,482,https://journals.plos.org/plosone/article?id=10.1371/journal.pone.0198487,
SOLOMON ISLANDS,2016,52,488,https://journals.plos.org/plosone/article?id=10.1371/journal.pone.0198487,
SOLOMON ISLANDS,2017,1,450,https://journals.plos.org/plosone/article?id=10.1371/journal.pone.0198487,
SOLOMON ISLANDS,2017,2,476,https://journals.plos.org/plosone/article?id=10.1371/journal.pone.0198487,
SOLOMON ISLANDS,2017,3,685,https://journals.plos.org/plosone/article?id=10.1371/journal.pone.0198487,
SOLOMON ISLANDS,2017,4,617,https://journals.plos.org/plosone/article?id=10.1371/journal.pone.0198487,
SOLOMON ISLANDS,2017,5,390,https://journals.plos.org/plosone/article?id=10.1371/journal.pone.0198487,
SOLOMON ISLANDS,2017,6,412,https://journals.plos.org/plosone/article?id=10.1371/journal.pone.0198487,
SOLOMON ISLANDS,2017,7,369,https://journals.plos.org/plosone/article?id=10.1371/journal.pone.0198487,
SOLOMON ISLANDS,2017,8,213,https://journals.plos.org/plosone/article?id=10.1371/journal.pone.0198487,
SOLOMON ISLANDS,2017,9,178,https://journals.plos.org/plosone/article?id=10.1371/journal.pone.0198487,
SOLOMON ISLANDS,2017,10,178,https://journals.plos.org/plosone/article?id=10.1371/journal.pone.0198487,
SOLOMON ISLANDS,2017,11,190,https://journals.plos.org/plosone/article?id=10.1371/journal.pone.0198487,
SOLOMON ISLANDS,2017,12,149,https://journals.plos.org/plosone/article?id=10.1371/journal.pone.0198487,
SOLOMON ISLANDS,2017,13,112,https://journals.plos.org/plosone/article?id=10.1371/journal.pone.0198487,
SOLOMON ISLANDS,2017,14,69,https://journals.plos.org/plosone/article?id=10.1371/journal.pone.0198487,
SOLOMON ISLANDS,2017,15,38,https://journals.plos.org/plosone/article?id=10.1371/journal.pone.0198487,
SOLOMON ISLANDS,2017,16,51,https://journals.plos.org/plosone/article?id=10.1371/journal.pone.0198487,
SOLOMON ISLANDS,2017,17,41,https://journals.plos.org/plosone/article?id=10.1371/journal.pone.0198487,
SOLOMON ISLANDS,2017,18,4,https://journals.plos.org/plosone/article?id=10.1371/journal.pone.0198487,
SOLOMON ISLANDS,2017,19,0,https://journals.plos.org/plosone/article?id=10.1371/journal.pone.0198487,
SOLOMON ISLANDS,2017,20,0,https://journals.plos.org/plosone/article?id=10.1371/journal.pone.0198487,
SOLOMON ISLANDS,2017,21,0,https://journals.plos.org/plosone/article?id=10.1371/journal.pone.0198487,
SOLOMON ISLANDS,2017,22,0,https://journals.plos.org/plosone/article?id=10.1371/journal.pone.0198487,
SOLOMON ISLANDS,2017,23,0,https://journals.plos.org/plosone/article?id=10.1371/journal.pone.0198487,
SOLOMON ISLANDS,2017,24,0,https://journals.plos.org/plosone/article?id=10.1371/journal.pone.0198487,
SOLOMON ISLANDS,2017,25,0,https://journals.plos.org/plosone/article?id=10.1371/journal.pone.0198487,
SOLOMON ISLANDS,2017,26,0,https://journals.plos.org/plosone/article?id=10.1371/journal.pone.0198487,
SOLOMON ISLANDS,2017,27,0,https://journals.plos.org/plosone/article?id=10.1371/journal.pone.0198487,
SOLOMON ISLANDS,2017,28,0,https://journals.plos.org/plosone/article?id=10.1371/journal.pone.0198487,
SOLOMON ISLANDS,2017,29,0,https://journals.plos.org/plosone/article?id=10.1371/journal.pone.0198487,
SOLOMON ISLANDS,2017,30,0,https://journals.plos.org/plosone/article?id=10.1371/journal.pone.0198487,
SOLOMON ISLANDS,2017,31,0,https://journals.plos.org/plosone/article?id=10.1371/journal.pone.0198487,
SOLOMON ISLANDS,2017,32,0,https://journals.plos.org/plosone/article?id=10.1371/journal.pone.0198487,
SOLOMON ISLANDS,2017,33,0,https://journals.plos.org/plosone/article?id=10.1371/journal.pone.0198487,
SOLOMON ISLANDS,2017,34,0,https://journals.plos.org/plosone/article?id=10.1371/journal.pone.0198487,
SOLOMON ISLANDS,2017,35,0,https://journals.plos.org/plosone/article?id=10.1371/journal.pone.0198487,
SOLOMON ISLANDS,2017,36,0,https://journals.plos.org/plosone/article?id=10.1371/journal.pone.0198487,
SOLOMON ISLANDS,2017,37,0,https://journals.plos.org/plosone/article?id=10.1371/journal.pone.0198487,
SOLOMON ISLANDS,2017,38,0,https://journals.plos.org/plosone/article?id=10.1371/journal.pone.0198487,
SOLOMON ISLANDS,2017,39,0,https://journals.plos.org/plosone/article?id=10.1371/journal.pone.0198487,
SOLOMON ISLANDS,2017,40,0,https://journals.plos.org/plosone/article?id=10.1371/journal.pone.0198487,
SOLOMON ISLANDS,2017,41,0,https://journals.plos.org/plosone/article?id=10.1371/journal.pone.0198487,
SOLOMON ISLANDS,2017,42,0,https://journals.plos.org/plosone/article?id=10.1371/journal.pone.0198487,
SOLOMON ISLANDS,2017,43,0,https://journals.plos.org/plosone/article?id=10.1371/journal.pone.0198487,
SOLOMON ISLANDS,2017,44,0,https://journals.plos.org/plosone/article?id=10.1371/journal.pone.0198487,
SOLOMON ISLANDS,2017,45,0,https://journals.plos.org/plosone/article?id=10.1371/journal.pone.0198487,
SOLOMON ISLANDS,2017,46,0,https://journals.plos.org/plosone/article?id=10.1371/journal.pone.0198487,
SOLOMON ISLANDS,2017,47,0,https://journals.plos.org/plosone/article?id=10.1371/journal.pone.0198487,
SOLOMON ISLANDS,2017,48,0,https://journals.plos.org/plosone/article?id=10.1371/journal.pone.0198487,
SOLOMON ISLANDS,2017,49,0,https://journals.plos.org/plosone/article?id=10.1371/journal.pone.0198487,
SOLOMON ISLANDS,2017,50,0,https://journals.plos.org/plosone/article?id=10.1371/journal.pone.0198487,
SOLOMON ISLANDS,2017,51,0,https://journals.plos.org/plosone/article?id=10.1371/journal.pone.0198487,
SOLOMON ISLANDS,2017,52,0,https://journals.plos.org/plosone/article?id=10.1371/journal.pone.0198487,
