adm_0_name,Year,dengue_total,source_file,Notes
BRUNEI DARUSSALAM,1990,0,https://www.jstage.jst.go.jp/article/yoken/60/4/60_JJID.2007.205/_pdf,table 2 in this paper- longitudinal IgM sampling since 1992 
BRUNEI DARUSSALAM,1991,0,https://www.jstage.jst.go.jp/article/yoken/60/4/60_JJID.2007.205/_pdf,table 2 in this paper- longitudinal IgM sampling since 1992 
BRUNEI DARUSSALAM,1992,0,https://www.jstage.jst.go.jp/article/yoken/60/4/60_JJID.2007.205/_pdf,table 2 in this paper- longitudinal IgM sampling since 1992 
BRUNEI DARUSSALAM,1993,0,https://www.jstage.jst.go.jp/article/yoken/60/4/60_JJID.2007.205/_pdf,table 2 in this paper- longitudinal IgM sampling since 1992 
GUAM,1990,0,https://pmc.ncbi.nlm.nih.gov/articles/PMC7119517/#R1 and https://www.cdc.gov/mmwr/volumes/72/ss/ss7204a1.htm,"On September 9, 2019, a resident of Guam with no travel history experienced a dengue-like illness that was reported to the Guam Department of Public Health and Social Services (DPHSS). On September 10, 2019, the Guam Public Health Laboratory (PHL) detected dengue virus 3 (DENV-3) in the patient’s serum specimen by reverse transcription–polymerase chain reaction (RT-PCR). This was the first detection of a locally acquired dengue case on Guam since 1944 (1)."
GUAM,2013,0,https://pmc.ncbi.nlm.nih.gov/articles/PMC7119517/#R1 and https://www.cdc.gov/mmwr/volumes/72/ss/ss7204a1.htm,"On September 9, 2019, a resident of Guam with no travel history experienced a dengue-like illness that was reported to the Guam Department of Public Health and Social Services (DPHSS). On September 10, 2019, the Guam Public Health Laboratory (PHL) detected dengue virus 3 (DENV-3) in the patient’s serum specimen by reverse transcription–polymerase chain reaction (RT-PCR). This was the first detection of a locally acquired dengue case on Guam since 1944 (1)."
GUAM,2014,0,https://pmc.ncbi.nlm.nih.gov/articles/PMC7119517/#R1 and https://www.cdc.gov/mmwr/volumes/72/ss/ss7204a1.htm,"On September 9, 2019, a resident of Guam with no travel history experienced a dengue-like illness that was reported to the Guam Department of Public Health and Social Services (DPHSS). On September 10, 2019, the Guam Public Health Laboratory (PHL) detected dengue virus 3 (DENV-3) in the patient’s serum specimen by reverse transcription–polymerase chain reaction (RT-PCR). This was the first detection of a locally acquired dengue case on Guam since 1944 (1)."
GUAM,2015,0,https://pmc.ncbi.nlm.nih.gov/articles/PMC7119517/#R1 and https://www.cdc.gov/mmwr/volumes/72/ss/ss7204a1.htm,"On September 9, 2019, a resident of Guam with no travel history experienced a dengue-like illness that was reported to the Guam Department of Public Health and Social Services (DPHSS). On September 10, 2019, the Guam Public Health Laboratory (PHL) detected dengue virus 3 (DENV-3) in the patient’s serum specimen by reverse transcription–polymerase chain reaction (RT-PCR). This was the first detection of a locally acquired dengue case on Guam since 1944 (1)."
GUAM,2016,0,https://pmc.ncbi.nlm.nih.gov/articles/PMC7119517/#R1 and https://www.cdc.gov/mmwr/volumes/72/ss/ss7204a1.htm,"On September 9, 2019, a resident of Guam with no travel history experienced a dengue-like illness that was reported to the Guam Department of Public Health and Social Services (DPHSS). On September 10, 2019, the Guam Public Health Laboratory (PHL) detected dengue virus 3 (DENV-3) in the patient’s serum specimen by reverse transcription–polymerase chain reaction (RT-PCR). This was the first detection of a locally acquired dengue case on Guam since 1944 (1)."
HONG KONG,1990,0,https://pmc.ncbi.nlm.nih.gov/articles/PMC7062697/ and https://pubmed.ncbi.nlm.nih.gov/12668825/,"""Despite the successful dengue control measures introduced after the first local case was identified in Hong Kong in 2002"""
HONG KONG,1991,0,https://pmc.ncbi.nlm.nih.gov/articles/PMC7062697/ and https://pubmed.ncbi.nlm.nih.gov/12668825/,"""Despite the successful dengue control measures introduced after the first local case was identified in Hong Kong in 2002"""
HONG KONG,1992,0,https://pmc.ncbi.nlm.nih.gov/articles/PMC7062697/ and https://pubmed.ncbi.nlm.nih.gov/12668825/,"""Despite the successful dengue control measures introduced after the first local case was identified in Hong Kong in 2002"""
HONG KONG,1993,0,https://pmc.ncbi.nlm.nih.gov/articles/PMC7062697/ and https://pubmed.ncbi.nlm.nih.gov/12668825/,"""Despite the successful dengue control measures introduced after the first local case was identified in Hong Kong in 2002"""
JAPAN,1997,0,https://pmc.ncbi.nlm.nih.gov/articles/PMC7586234/,"""In 2014, an autochthonous dengue fever outbreak occurred around the Yoyogi Park in Japan for the first time in 70 years."
JAPAN,1990,0,https://pmc.ncbi.nlm.nih.gov/articles/PMC7586234/,"""In 2014, an autochthonous dengue fever outbreak occurred around the Yoyogi Park in Japan for the first time in 70 years."
JAPAN,1991,0,https://pmc.ncbi.nlm.nih.gov/articles/PMC7586234/,"""In 2014, an autochthonous dengue fever outbreak occurred around the Yoyogi Park in Japan for the first time in 70 years."
JAPAN,1992,0,https://pmc.ncbi.nlm.nih.gov/articles/PMC7586234/,"""In 2014, an autochthonous dengue fever outbreak occurred around the Yoyogi Park in Japan for the first time in 70 years."
JAPAN,1993,0,https://pmc.ncbi.nlm.nih.gov/articles/PMC7586234/,"""In 2014, an autochthonous dengue fever outbreak occurred around the Yoyogi Park in Japan for the first time in 70 years."
JAPAN,1994,0,https://pmc.ncbi.nlm.nih.gov/articles/PMC7586234/,"""In 2014, an autochthonous dengue fever outbreak occurred around the Yoyogi Park in Japan for the first time in 70 years."
JAPAN,1995,0,https://pmc.ncbi.nlm.nih.gov/articles/PMC7586234/,"""In 2014, an autochthonous dengue fever outbreak occurred around the Yoyogi Park in Japan for the first time in 70 years."
JAPAN,1996,0,https://pmc.ncbi.nlm.nih.gov/articles/PMC7586234/,"""In 2014, an autochthonous dengue fever outbreak occurred around the Yoyogi Park in Japan for the first time in 70 years."
JAPAN,1998,0,https://pmc.ncbi.nlm.nih.gov/articles/PMC7586234/,"""In 2014, an autochthonous dengue fever outbreak occurred around the Yoyogi Park in Japan for the first time in 70 years."
JAPAN,2012,0,https://pmc.ncbi.nlm.nih.gov/articles/PMC7586234/,"""In 2014, an autochthonous dengue fever outbreak occurred around the Yoyogi Park in Japan for the first time in 70 years."
JAPAN,2011,0,https://pmc.ncbi.nlm.nih.gov/articles/PMC7586234/,"""In 2014, an autochthonous dengue fever outbreak occurred around the Yoyogi Park in Japan for the first time in 70 years."
MACAU,1990,0,"https://www.cdc.gov.tw/En/EpidemicTheme/Detail/hQ4XhaZAzUmNe2ksY4tjMA?archiveId=EMC83FmmJ0yJygspaIMnrQ#:~:text=Abstract%EF%BC%9A,the%20loose%20surveillance%20on%20borders.","""In 2001, the first dengue fever outbreak occurred in Macau"""
MACAU,1991,0,"https://www.cdc.gov.tw/En/EpidemicTheme/Detail/hQ4XhaZAzUmNe2ksY4tjMA?archiveId=EMC83FmmJ0yJygspaIMnrQ#:~:text=Abstract%EF%BC%9A,the%20loose%20surveillance%20on%20borders.","""In 2001, the first dengue fever outbreak occurred in Macau"""
MACAU,1992,0,"https://www.cdc.gov.tw/En/EpidemicTheme/Detail/hQ4XhaZAzUmNe2ksY4tjMA?archiveId=EMC83FmmJ0yJygspaIMnrQ#:~:text=Abstract%EF%BC%9A,the%20loose%20surveillance%20on%20borders.","""In 2001, the first dengue fever outbreak occurred in Macau"""
MACAU,1993,0,"https://www.cdc.gov.tw/En/EpidemicTheme/Detail/hQ4XhaZAzUmNe2ksY4tjMA?archiveId=EMC83FmmJ0yJygspaIMnrQ#:~:text=Abstract%EF%BC%9A,the%20loose%20surveillance%20on%20borders.","""In 2001, the first dengue fever outbreak occurred in Macau"""
MACAU,1994,0,"https://www.cdc.gov.tw/En/EpidemicTheme/Detail/hQ4XhaZAzUmNe2ksY4tjMA?archiveId=EMC83FmmJ0yJygspaIMnrQ#:~:text=Abstract%EF%BC%9A,the%20loose%20surveillance%20on%20borders.","""In 2001, the first dengue fever outbreak occurred in Macau"""
MACAU,1995,0,"https://www.cdc.gov.tw/En/EpidemicTheme/Detail/hQ4XhaZAzUmNe2ksY4tjMA?archiveId=EMC83FmmJ0yJygspaIMnrQ#:~:text=Abstract%EF%BC%9A,the%20loose%20surveillance%20on%20borders.","""In 2001, the first dengue fever outbreak occurred in Macau"""
MACAU,1996,0,"https://www.cdc.gov.tw/En/EpidemicTheme/Detail/hQ4XhaZAzUmNe2ksY4tjMA?archiveId=EMC83FmmJ0yJygspaIMnrQ#:~:text=Abstract%EF%BC%9A,the%20loose%20surveillance%20on%20borders.","""In 2001, the first dengue fever outbreak occurred in Macau"""
MACAU,1997,0,"https://www.cdc.gov.tw/En/EpidemicTheme/Detail/hQ4XhaZAzUmNe2ksY4tjMA?archiveId=EMC83FmmJ0yJygspaIMnrQ#:~:text=Abstract%EF%BC%9A,the%20loose%20surveillance%20on%20borders.","""In 2001, the first dengue fever outbreak occurred in Macau"""
MACAU,1998,0,"https://www.cdc.gov.tw/En/EpidemicTheme/Detail/hQ4XhaZAzUmNe2ksY4tjMA?archiveId=EMC83FmmJ0yJygspaIMnrQ#:~:text=Abstract%EF%BC%9A,the%20loose%20surveillance%20on%20borders.","""In 2001, the first dengue fever outbreak occurred in Macau"""
MACAU,1999,0,"https://www.cdc.gov.tw/En/EpidemicTheme/Detail/hQ4XhaZAzUmNe2ksY4tjMA?archiveId=EMC83FmmJ0yJygspaIMnrQ#:~:text=Abstract%EF%BC%9A,the%20loose%20surveillance%20on%20borders.","""In 2001, the first dengue fever outbreak occurred in Macau"""
PAKISTAN,1990,0,https://pmc.ncbi.nlm.nih.gov/articles/PMC3050821/ and https://www.sciencedirect.com/science/article/pii/S003335061200337X,"""Pakistan first reported an epidemic of dengue fever in 1994"""
PAKISTAN,1991,0,https://pmc.ncbi.nlm.nih.gov/articles/PMC3050821/ and https://www.sciencedirect.com/science/article/pii/S003335061200337X,"""Pakistan first reported an epidemic of dengue fever in 1994"""
PAKISTAN,1992,0,https://pmc.ncbi.nlm.nih.gov/articles/PMC3050821/ and https://www.sciencedirect.com/science/article/pii/S003335061200337X,"""Pakistan first reported an epidemic of dengue fever in 1994"""
PAKISTAN,1993,0,https://pmc.ncbi.nlm.nih.gov/articles/PMC3050821/ and https://www.sciencedirect.com/science/article/pii/S003335061200337X,"""Pakistan first reported an epidemic of dengue fever in 1994"""
CROATIA,1990,0,https://www.ecdc.europa.eu/en/all-topics-z/dengue/surveillance-and-disease-data/autochthonous-transmission-dengue-virus-eueea,
CROATIA,1991,0,https://www.ecdc.europa.eu/en/all-topics-z/dengue/surveillance-and-disease-data/autochthonous-transmission-dengue-virus-eueea,
CROATIA,1992,0,https://www.ecdc.europa.eu/en/all-topics-z/dengue/surveillance-and-disease-data/autochthonous-transmission-dengue-virus-eueea,
CROATIA,1993,0,https://www.ecdc.europa.eu/en/all-topics-z/dengue/surveillance-and-disease-data/autochthonous-transmission-dengue-virus-eueea,
CROATIA,1994,0,https://www.ecdc.europa.eu/en/all-topics-z/dengue/surveillance-and-disease-data/autochthonous-transmission-dengue-virus-eueea,
CROATIA,1995,0,https://www.ecdc.europa.eu/en/all-topics-z/dengue/surveillance-and-disease-data/autochthonous-transmission-dengue-virus-eueea,
CROATIA,1996,0,https://www.ecdc.europa.eu/en/all-topics-z/dengue/surveillance-and-disease-data/autochthonous-transmission-dengue-virus-eueea,
CROATIA,1997,0,https://www.ecdc.europa.eu/en/all-topics-z/dengue/surveillance-and-disease-data/autochthonous-transmission-dengue-virus-eueea,
CROATIA,1998,0,https://www.ecdc.europa.eu/en/all-topics-z/dengue/surveillance-and-disease-data/autochthonous-transmission-dengue-virus-eueea,
CROATIA,1999,0,https://www.ecdc.europa.eu/en/all-topics-z/dengue/surveillance-and-disease-data/autochthonous-transmission-dengue-virus-eueea,
CROATIA,2000,0,https://www.ecdc.europa.eu/en/all-topics-z/dengue/surveillance-and-disease-data/autochthonous-transmission-dengue-virus-eueea,
CROATIA,2001,0,https://www.ecdc.europa.eu/en/all-topics-z/dengue/surveillance-and-disease-data/autochthonous-transmission-dengue-virus-eueea,
CROATIA,2002,0,https://www.ecdc.europa.eu/en/all-topics-z/dengue/surveillance-and-disease-data/autochthonous-transmission-dengue-virus-eueea,
CROATIA,2003,0,https://www.ecdc.europa.eu/en/all-topics-z/dengue/surveillance-and-disease-data/autochthonous-transmission-dengue-virus-eueea,
CROATIA,2004,0,https://www.ecdc.europa.eu/en/all-topics-z/dengue/surveillance-and-disease-data/autochthonous-transmission-dengue-virus-eueea,
CROATIA,2005,0,https://www.ecdc.europa.eu/en/all-topics-z/dengue/surveillance-and-disease-data/autochthonous-transmission-dengue-virus-eueea,
CROATIA,2006,0,https://www.ecdc.europa.eu/en/all-topics-z/dengue/surveillance-and-disease-data/autochthonous-transmission-dengue-virus-eueea,
CROATIA,2007,0,https://www.ecdc.europa.eu/en/all-topics-z/dengue/surveillance-and-disease-data/autochthonous-transmission-dengue-virus-eueea,
CROATIA,2008,0,https://www.ecdc.europa.eu/en/all-topics-z/dengue/surveillance-and-disease-data/autochthonous-transmission-dengue-virus-eueea,
CROATIA,2009,0,https://www.ecdc.europa.eu/en/all-topics-z/dengue/surveillance-and-disease-data/autochthonous-transmission-dengue-virus-eueea,
FRANCE,1990,0,https://www.ecdc.europa.eu/en/all-topics-z/dengue/surveillance-and-disease-data/autochthonous-transmission-dengue-virus-eueea,
FRANCE,1991,0,https://www.ecdc.europa.eu/en/all-topics-z/dengue/surveillance-and-disease-data/autochthonous-transmission-dengue-virus-eueea,
FRANCE,1992,0,https://www.ecdc.europa.eu/en/all-topics-z/dengue/surveillance-and-disease-data/autochthonous-transmission-dengue-virus-eueea,
FRANCE,1993,0,https://www.ecdc.europa.eu/en/all-topics-z/dengue/surveillance-and-disease-data/autochthonous-transmission-dengue-virus-eueea,
FRANCE,1994,0,https://www.ecdc.europa.eu/en/all-topics-z/dengue/surveillance-and-disease-data/autochthonous-transmission-dengue-virus-eueea,
FRANCE,1995,0,https://www.ecdc.europa.eu/en/all-topics-z/dengue/surveillance-and-disease-data/autochthonous-transmission-dengue-virus-eueea,
FRANCE,1996,0,https://www.ecdc.europa.eu/en/all-topics-z/dengue/surveillance-and-disease-data/autochthonous-transmission-dengue-virus-eueea,
FRANCE,1997,0,https://www.ecdc.europa.eu/en/all-topics-z/dengue/surveillance-and-disease-data/autochthonous-transmission-dengue-virus-eueea,
FRANCE,1998,0,https://www.ecdc.europa.eu/en/all-topics-z/dengue/surveillance-and-disease-data/autochthonous-transmission-dengue-virus-eueea,
FRANCE,1999,0,https://www.ecdc.europa.eu/en/all-topics-z/dengue/surveillance-and-disease-data/autochthonous-transmission-dengue-virus-eueea,
FRANCE,2000,0,https://www.ecdc.europa.eu/en/all-topics-z/dengue/surveillance-and-disease-data/autochthonous-transmission-dengue-virus-eueea,
FRANCE,2001,0,https://www.ecdc.europa.eu/en/all-topics-z/dengue/surveillance-and-disease-data/autochthonous-transmission-dengue-virus-eueea,
FRANCE,2002,0,https://www.ecdc.europa.eu/en/all-topics-z/dengue/surveillance-and-disease-data/autochthonous-transmission-dengue-virus-eueea,
FRANCE,2003,0,https://www.ecdc.europa.eu/en/all-topics-z/dengue/surveillance-and-disease-data/autochthonous-transmission-dengue-virus-eueea,
FRANCE,2004,0,https://www.ecdc.europa.eu/en/all-topics-z/dengue/surveillance-and-disease-data/autochthonous-transmission-dengue-virus-eueea,
FRANCE,2005,0,https://www.ecdc.europa.eu/en/all-topics-z/dengue/surveillance-and-disease-data/autochthonous-transmission-dengue-virus-eueea,
FRANCE,2006,0,https://www.ecdc.europa.eu/en/all-topics-z/dengue/surveillance-and-disease-data/autochthonous-transmission-dengue-virus-eueea,
FRANCE,2007,0,https://www.ecdc.europa.eu/en/all-topics-z/dengue/surveillance-and-disease-data/autochthonous-transmission-dengue-virus-eueea,
ITALY,1990,0,https://www.ecdc.europa.eu/en/all-topics-z/dengue/surveillance-and-disease-data/autochthonous-transmission-dengue-virus-eueea,
ITALY,1991,0,https://www.ecdc.europa.eu/en/all-topics-z/dengue/surveillance-and-disease-data/autochthonous-transmission-dengue-virus-eueea,
ITALY,1992,0,https://www.ecdc.europa.eu/en/all-topics-z/dengue/surveillance-and-disease-data/autochthonous-transmission-dengue-virus-eueea,
ITALY,1993,0,https://www.ecdc.europa.eu/en/all-topics-z/dengue/surveillance-and-disease-data/autochthonous-transmission-dengue-virus-eueea,
ITALY,1994,0,https://www.ecdc.europa.eu/en/all-topics-z/dengue/surveillance-and-disease-data/autochthonous-transmission-dengue-virus-eueea,
ITALY,1995,0,https://www.ecdc.europa.eu/en/all-topics-z/dengue/surveillance-and-disease-data/autochthonous-transmission-dengue-virus-eueea,
ITALY,1996,0,https://www.ecdc.europa.eu/en/all-topics-z/dengue/surveillance-and-disease-data/autochthonous-transmission-dengue-virus-eueea,
ITALY,1997,0,https://www.ecdc.europa.eu/en/all-topics-z/dengue/surveillance-and-disease-data/autochthonous-transmission-dengue-virus-eueea,
ITALY,1998,0,https://www.ecdc.europa.eu/en/all-topics-z/dengue/surveillance-and-disease-data/autochthonous-transmission-dengue-virus-eueea,
ITALY,1999,0,https://www.ecdc.europa.eu/en/all-topics-z/dengue/surveillance-and-disease-data/autochthonous-transmission-dengue-virus-eueea,
ITALY,2000,0,https://www.ecdc.europa.eu/en/all-topics-z/dengue/surveillance-and-disease-data/autochthonous-transmission-dengue-virus-eueea,
ITALY,2001,0,https://www.ecdc.europa.eu/en/all-topics-z/dengue/surveillance-and-disease-data/autochthonous-transmission-dengue-virus-eueea,
ITALY,2002,0,https://www.ecdc.europa.eu/en/all-topics-z/dengue/surveillance-and-disease-data/autochthonous-transmission-dengue-virus-eueea,
ITALY,2003,0,https://www.ecdc.europa.eu/en/all-topics-z/dengue/surveillance-and-disease-data/autochthonous-transmission-dengue-virus-eueea,
ITALY,2004,0,https://www.ecdc.europa.eu/en/all-topics-z/dengue/surveillance-and-disease-data/autochthonous-transmission-dengue-virus-eueea,
ITALY,2005,0,https://www.ecdc.europa.eu/en/all-topics-z/dengue/surveillance-and-disease-data/autochthonous-transmission-dengue-virus-eueea,
ITALY,2006,0,https://www.ecdc.europa.eu/en/all-topics-z/dengue/surveillance-and-disease-data/autochthonous-transmission-dengue-virus-eueea,
ITALY,2007,0,https://www.ecdc.europa.eu/en/all-topics-z/dengue/surveillance-and-disease-data/autochthonous-transmission-dengue-virus-eueea,
SPAIN,1990,0,https://www.ecdc.europa.eu/en/all-topics-z/dengue/surveillance-and-disease-data/autochthonous-transmission-dengue-virus-eueea,
SPAIN,1991,0,https://www.ecdc.europa.eu/en/all-topics-z/dengue/surveillance-and-disease-data/autochthonous-transmission-dengue-virus-eueea,
SPAIN,1992,0,https://www.ecdc.europa.eu/en/all-topics-z/dengue/surveillance-and-disease-data/autochthonous-transmission-dengue-virus-eueea,
SPAIN,1993,0,https://www.ecdc.europa.eu/en/all-topics-z/dengue/surveillance-and-disease-data/autochthonous-transmission-dengue-virus-eueea,
SPAIN,1994,0,https://www.ecdc.europa.eu/en/all-topics-z/dengue/surveillance-and-disease-data/autochthonous-transmission-dengue-virus-eueea,
SPAIN,1995,0,https://www.ecdc.europa.eu/en/all-topics-z/dengue/surveillance-and-disease-data/autochthonous-transmission-dengue-virus-eueea,
SPAIN,1996,0,https://www.ecdc.europa.eu/en/all-topics-z/dengue/surveillance-and-disease-data/autochthonous-transmission-dengue-virus-eueea,
SPAIN,1997,0,https://www.ecdc.europa.eu/en/all-topics-z/dengue/surveillance-and-disease-data/autochthonous-transmission-dengue-virus-eueea,
SPAIN,1998,0,https://www.ecdc.europa.eu/en/all-topics-z/dengue/surveillance-and-disease-data/autochthonous-transmission-dengue-virus-eueea,
SPAIN,1999,0,https://www.ecdc.europa.eu/en/all-topics-z/dengue/surveillance-and-disease-data/autochthonous-transmission-dengue-virus-eueea,
SPAIN,2000,0,https://www.ecdc.europa.eu/en/all-topics-z/dengue/surveillance-and-disease-data/autochthonous-transmission-dengue-virus-eueea,
SPAIN,2001,0,https://www.ecdc.europa.eu/en/all-topics-z/dengue/surveillance-and-disease-data/autochthonous-transmission-dengue-virus-eueea,
SPAIN,2002,0,https://www.ecdc.europa.eu/en/all-topics-z/dengue/surveillance-and-disease-data/autochthonous-transmission-dengue-virus-eueea,
SPAIN,2003,0,https://www.ecdc.europa.eu/en/all-topics-z/dengue/surveillance-and-disease-data/autochthonous-transmission-dengue-virus-eueea,
SPAIN,2004,0,https://www.ecdc.europa.eu/en/all-topics-z/dengue/surveillance-and-disease-data/autochthonous-transmission-dengue-virus-eueea,
SPAIN,2005,0,https://www.ecdc.europa.eu/en/all-topics-z/dengue/surveillance-and-disease-data/autochthonous-transmission-dengue-virus-eueea,
SPAIN,2006,0,https://www.ecdc.europa.eu/en/all-topics-z/dengue/surveillance-and-disease-data/autochthonous-transmission-dengue-virus-eueea,
SPAIN,2007,0,https://www.ecdc.europa.eu/en/all-topics-z/dengue/surveillance-and-disease-data/autochthonous-transmission-dengue-virus-eueea,
PORTUGAL,1990,0,https://www.ecdc.europa.eu/en/all-topics-z/dengue/surveillance-and-disease-data/autochthonous-transmission-dengue-virus-eueea,
PORTUGAL,1991,0,https://www.ecdc.europa.eu/en/all-topics-z/dengue/surveillance-and-disease-data/autochthonous-transmission-dengue-virus-eueea,
PORTUGAL,1992,0,https://www.ecdc.europa.eu/en/all-topics-z/dengue/surveillance-and-disease-data/autochthonous-transmission-dengue-virus-eueea,
PORTUGAL,1993,0,https://www.ecdc.europa.eu/en/all-topics-z/dengue/surveillance-and-disease-data/autochthonous-transmission-dengue-virus-eueea,
PORTUGAL,1994,0,https://www.ecdc.europa.eu/en/all-topics-z/dengue/surveillance-and-disease-data/autochthonous-transmission-dengue-virus-eueea,
PORTUGAL,1995,0,https://www.ecdc.europa.eu/en/all-topics-z/dengue/surveillance-and-disease-data/autochthonous-transmission-dengue-virus-eueea,
PORTUGAL,1996,0,https://www.ecdc.europa.eu/en/all-topics-z/dengue/surveillance-and-disease-data/autochthonous-transmission-dengue-virus-eueea,
PORTUGAL,1997,0,https://www.ecdc.europa.eu/en/all-topics-z/dengue/surveillance-and-disease-data/autochthonous-transmission-dengue-virus-eueea,
PORTUGAL,1998,0,https://www.ecdc.europa.eu/en/all-topics-z/dengue/surveillance-and-disease-data/autochthonous-transmission-dengue-virus-eueea,
PORTUGAL,1999,0,https://www.ecdc.europa.eu/en/all-topics-z/dengue/surveillance-and-disease-data/autochthonous-transmission-dengue-virus-eueea,
PORTUGAL,2000,0,https://www.ecdc.europa.eu/en/all-topics-z/dengue/surveillance-and-disease-data/autochthonous-transmission-dengue-virus-eueea,
PORTUGAL,2001,0,https://www.ecdc.europa.eu/en/all-topics-z/dengue/surveillance-and-disease-data/autochthonous-transmission-dengue-virus-eueea,
PORTUGAL,2002,0,https://www.ecdc.europa.eu/en/all-topics-z/dengue/surveillance-and-disease-data/autochthonous-transmission-dengue-virus-eueea,
PORTUGAL,2003,0,https://www.ecdc.europa.eu/en/all-topics-z/dengue/surveillance-and-disease-data/autochthonous-transmission-dengue-virus-eueea,
PORTUGAL,2004,0,https://www.ecdc.europa.eu/en/all-topics-z/dengue/surveillance-and-disease-data/autochthonous-transmission-dengue-virus-eueea,
PORTUGAL,2005,0,https://www.ecdc.europa.eu/en/all-topics-z/dengue/surveillance-and-disease-data/autochthonous-transmission-dengue-virus-eueea,
PORTUGAL,2006,0,https://www.ecdc.europa.eu/en/all-topics-z/dengue/surveillance-and-disease-data/autochthonous-transmission-dengue-virus-eueea,
PORTUGAL,2007,0,https://www.ecdc.europa.eu/en/all-topics-z/dengue/surveillance-and-disease-data/autochthonous-transmission-dengue-virus-eueea,
PORTUGAL,2008,0,https://www.ecdc.europa.eu/en/all-topics-z/dengue/surveillance-and-disease-data/autochthonous-transmission-dengue-virus-eueea,
PORTUGAL,2009,0,https://www.ecdc.europa.eu/en/all-topics-z/dengue/surveillance-and-disease-data/autochthonous-transmission-dengue-virus-eueea,
PORTUGAL,2010,0,https://www.ecdc.europa.eu/en/all-topics-z/dengue/surveillance-and-disease-data/autochthonous-transmission-dengue-virus-eueea,
PORTUGAL,2011,0,https://www.ecdc.europa.eu/en/all-topics-z/dengue/surveillance-and-disease-data/autochthonous-transmission-dengue-virus-eueea,
CABO VERDE,1990,0,https://cerf.un.org/sites/default/files/resources/Cape%20Verde%202009%20RCHC%20Annual%20Report.pdf,"In the last three months of 2009, Cape Verde suffered its first outbreak of dengue.  from "
CHAD,2023,1581,https://africacdc.org/download/africa-cdc-weekly-event-based-surveillance-report-december-2023/?ind=1705041410922&filename=Africa_CDC_EBS_Weekly_Report_31_Dec_2023.pdf&wpdmdl=15339&refresh=687f385a52e791753167962,
COTE D'IVOIRE,2023,107,https://africacdc.org/download/africa-cdc-weekly-event-based-surveillance-report-december-2023/?ind=1705041410922&filename=Africa_CDC_EBS_Weekly_Report_31_Dec_2023.pdf&wpdmdl=15339&refresh=687f385a52e791753167962,
EGYPT,2023,578,https://africacdc.org/download/africa-cdc-weekly-event-based-surveillance-report-december-2023/?ind=1705041410922&filename=Africa_CDC_EBS_Weekly_Report_31_Dec_2023.pdf&wpdmdl=15339&refresh=687f385a52e791753167962,
ETHIOPIA,2023,21469,https://africacdc.org/download/africa-cdc-weekly-event-based-surveillance-report-december-2023/?ind=1705041410922&filename=Africa_CDC_EBS_Weekly_Report_31_Dec_2023.pdf&wpdmdl=15339&refresh=687f385a52e791753167962,
GUINEA,2023,6,https://africacdc.org/download/africa-cdc-weekly-event-based-surveillance-report-december-2023/?ind=1705041410922&filename=Africa_CDC_EBS_Weekly_Report_31_Dec_2023.pdf&wpdmdl=15339&refresh=687f385a52e791753167962,
MALI,2023,5537,https://africacdc.org/download/africa-cdc-weekly-event-based-surveillance-report-december-2023/?ind=1705041410922&filename=Africa_CDC_EBS_Weekly_Report_31_Dec_2023.pdf&wpdmdl=15339&refresh=687f385a52e791753167962,
MAURITIUS,2023,265,https://africacdc.org/download/africa-cdc-weekly-event-based-surveillance-report-december-2023/?ind=1705041410922&filename=Africa_CDC_EBS_Weekly_Report_31_Dec_2023.pdf&wpdmdl=15339&refresh=687f385a52e791753167962,
NIGERIA,2023,84,https://africacdc.org/download/africa-cdc-weekly-event-based-surveillance-report-december-2023/?ind=1705041410922&filename=Africa_CDC_EBS_Weekly_Report_31_Dec_2023.pdf&wpdmdl=15339&refresh=687f385a52e791753167962,
SAO TOME AND PRINCIPE,2023,1227,https://africacdc.org/download/africa-cdc-weekly-event-based-surveillance-report-december-2023/?ind=1705041410922&filename=Africa_CDC_EBS_Weekly_Report_31_Dec_2023.pdf&wpdmdl=15339&refresh=687f385a52e791753167962,
SENEGAL,2023,248,https://africacdc.org/download/africa-cdc-weekly-event-based-surveillance-report-december-2023/?ind=1705041410922&filename=Africa_CDC_EBS_Weekly_Report_31_Dec_2023.pdf&wpdmdl=15339&refresh=687f385a52e791753167962,
SUDAN,2023,1664,https://africacdc.org/download/africa-cdc-weekly-event-based-surveillance-report-december-2023/?ind=1705041410922&filename=Africa_CDC_EBS_Weekly_Report_31_Dec_2023.pdf&wpdmdl=15339&refresh=687f385a52e791753167962,
TOGO,2023,8,https://africacdc.org/download/africa-cdc-weekly-event-based-surveillance-report-december-2023/?ind=1705041410922&filename=Africa_CDC_EBS_Weekly_Report_31_Dec_2023.pdf&wpdmdl=15339&refresh=687f385a52e791753167962,
BENIN,2023,6,https://iris.who.int/bitstream/handle/10665/375392/AFRO.Dengue.Sitrep001-20231219.pdf,
GHANA,2023,18,https://iris.who.int/bitstream/handle/10665/375392/AFRO.Dengue.Sitrep001-20231219.pdf,
NIGER,2023,148,https://iris.who.int/bitstream/handle/10665/375392/AFRO.Dengue.Sitrep001-20231219.pdf,
REUNION,2004,228,https://journals.plos.org/plosntds/article/figure?id=10.1371/journal.pntd.0010547.t001,
REUNION,2007,28,https://journals.plos.org/plosntds/article/figure?id=10.1371/journal.pntd.0010547.t001,
REUNION,2008,44,https://journals.plos.org/plosntds/article/figure?id=10.1371/journal.pntd.0010547.t001,
REUNION,2009,8,https://journals.plos.org/plosntds/article/figure?id=10.1371/journal.pntd.0010547.t001,
REUNION,2010,18,https://journals.plos.org/plosntds/article/figure?id=10.1371/journal.pntd.0010547.t001,
REUNION,2011,2,https://journals.plos.org/plosntds/article/figure?id=10.1371/journal.pntd.0010547.t001,
REUNION,2012,31,https://journals.plos.org/plosntds/article/figure?id=10.1371/journal.pntd.0010547.t001,
REUNION,2013,21,https://journals.plos.org/plosntds/article/figure?id=10.1371/journal.pntd.0010547.t001,
REUNION,2014,29,https://journals.plos.org/plosntds/article/figure?id=10.1371/journal.pntd.0010547.t001,
REUNION,2015,6,https://journals.plos.org/plosntds/article/figure?id=10.1371/journal.pntd.0010547.t001,
REUNION,2016,221,https://journals.plos.org/plosntds/article/figure?id=10.1371/journal.pntd.0010547.t001,
REUNION,2017,94,https://journals.plos.org/plosntds/article/figure?id=10.1371/journal.pntd.0010547.t001,
REUNION,2018,6759,https://journals.plos.org/plosntds/article/figure?id=10.1371/journal.pntd.0010547.t001,
REUNION,2019,18217,https://journals.plos.org/plosntds/article/figure?id=10.1371/journal.pntd.0010547.t001,
REUNION,2020,16414,https://journals.plos.org/plosntds/article/figure?id=10.1371/journal.pntd.0010547.t001,
REUNION,2021,29577,https://journals.plos.org/plosntds/article/figure?id=10.1371/journal.pntd.0010547.t001,
MAYOTTE,2010,54,https://journals.plos.org/plosntds/article?id=10.1371/journal.pntd.0010547,
MAYOTTE,2012,43,https://journals.plos.org/plosntds/article?id=10.1371/journal.pntd.0010547,
MAYOTTE,2015,0,https://journals.plos.org/plosntds/article?id=10.1371/journal.pntd.0010547,
MAYOTTE,2016,0,https://journals.plos.org/plosntds/article?id=10.1371/journal.pntd.0010547,
MAYOTTE,2017,0,https://journals.plos.org/plosntds/article?id=10.1371/journal.pntd.0010547,
MAYOTTE,2018,0,https://journals.plos.org/plosntds/article?id=10.1371/journal.pntd.0010547,
MAYOTTE,2019,186,https://journals.plos.org/plosntds/article?id=10.1371/journal.pntd.0010547,
MAYOTTE,2020,4305,https://journals.plos.org/plosntds/article?id=10.1371/journal.pntd.0010547,
REUNION,2022,1212,https://www.lareunion.ars.sante.fr/dengue-la-reunion-point-de-situation-au-5-janvier-2023,
SEYCHELLES,2022,213,"https://www.health.gov.sc/wp-content/uploads/2024/05/MOH-Annual-Performance-Report-2022.pdf#:~:text=Thirty,1%20and",
CHAD,1990,0,https://www.who.int/emergencies/disease-outbreak-news/item/2023-DON491,
CHAD,1991,0,https://www.who.int/emergencies/disease-outbreak-news/item/2023-DON491,
CHAD,1992,0,https://www.who.int/emergencies/disease-outbreak-news/item/2023-DON491,
CHAD,1993,0,https://www.who.int/emergencies/disease-outbreak-news/item/2023-DON491,
CHAD,1994,0,https://www.who.int/emergencies/disease-outbreak-news/item/2023-DON491,
CHAD,1995,0,https://www.who.int/emergencies/disease-outbreak-news/item/2023-DON491,
CHAD,1996,0,https://www.who.int/emergencies/disease-outbreak-news/item/2023-DON491,
CHAD,1997,0,https://www.who.int/emergencies/disease-outbreak-news/item/2023-DON491,
CHAD,1998,0,https://www.who.int/emergencies/disease-outbreak-news/item/2023-DON491,
CHAD,1999,0,https://www.who.int/emergencies/disease-outbreak-news/item/2023-DON491,
CHAD,2000,0,https://www.who.int/emergencies/disease-outbreak-news/item/2023-DON491,
CHAD,2001,0,https://www.who.int/emergencies/disease-outbreak-news/item/2023-DON491,
CHAD,2002,0,https://www.who.int/emergencies/disease-outbreak-news/item/2023-DON491,
CHAD,2003,0,https://www.who.int/emergencies/disease-outbreak-news/item/2023-DON491,
CHAD,2004,0,https://www.who.int/emergencies/disease-outbreak-news/item/2023-DON491,
CHAD,2005,0,https://www.who.int/emergencies/disease-outbreak-news/item/2023-DON491,
CHAD,2006,0,https://www.who.int/emergencies/disease-outbreak-news/item/2023-DON491,
CHAD,2007,0,https://www.who.int/emergencies/disease-outbreak-news/item/2023-DON491,
CHAD,2008,0,https://www.who.int/emergencies/disease-outbreak-news/item/2023-DON491,
CHAD,2009,0,https://www.who.int/emergencies/disease-outbreak-news/item/2023-DON491,
CHAD,2010,0,https://www.who.int/emergencies/disease-outbreak-news/item/2023-DON491,
CHAD,2011,0,https://www.who.int/emergencies/disease-outbreak-news/item/2023-DON491,
CHAD,2012,0,https://www.who.int/emergencies/disease-outbreak-news/item/2023-DON491,
CHAD,2013,0,https://www.who.int/emergencies/disease-outbreak-news/item/2023-DON491,
CHAD,2014,0,https://www.who.int/emergencies/disease-outbreak-news/item/2023-DON491,
CHAD,2015,0,https://www.who.int/emergencies/disease-outbreak-news/item/2023-DON491,
CHAD,2016,0,https://www.who.int/emergencies/disease-outbreak-news/item/2023-DON491,
CHAD,2017,0,https://www.who.int/emergencies/disease-outbreak-news/item/2023-DON491,
CHAD,2018,0,https://www.who.int/emergencies/disease-outbreak-news/item/2023-DON491,
CHAD,2019,0,https://www.who.int/emergencies/disease-outbreak-news/item/2023-DON491,
CHAD,2020,0,https://www.who.int/emergencies/disease-outbreak-news/item/2023-DON491,
CHAD,2021,0,https://www.who.int/emergencies/disease-outbreak-news/item/2023-DON491,
CHAD,2022,0,https://www.who.int/emergencies/disease-outbreak-news/item/2023-DON491,
CABO VERDE,1991,0,https://cerf.un.org/sites/default/files/resources/Cape%20Verde%202009%20RCHC%20Annual%20Report.pdf,"In the last three months of 2009, Cape Verde suffered its first outbreak of dengue.  from "
CABO VERDE,1992,0,https://cerf.un.org/sites/default/files/resources/Cape%20Verde%202009%20RCHC%20Annual%20Report.pdf,"In the last three months of 2009, Cape Verde suffered its first outbreak of dengue.  from "
CABO VERDE,1993,0,https://cerf.un.org/sites/default/files/resources/Cape%20Verde%202009%20RCHC%20Annual%20Report.pdf,"In the last three months of 2009, Cape Verde suffered its first outbreak of dengue.  from "
CABO VERDE,1994,0,https://cerf.un.org/sites/default/files/resources/Cape%20Verde%202009%20RCHC%20Annual%20Report.pdf,"In the last three months of 2009, Cape Verde suffered its first outbreak of dengue.  from "
CABO VERDE,1995,0,https://cerf.un.org/sites/default/files/resources/Cape%20Verde%202009%20RCHC%20Annual%20Report.pdf,"In the last three months of 2009, Cape Verde suffered its first outbreak of dengue.  from "
CABO VERDE,1996,0,https://cerf.un.org/sites/default/files/resources/Cape%20Verde%202009%20RCHC%20Annual%20Report.pdf,"In the last three months of 2009, Cape Verde suffered its first outbreak of dengue.  from "
CABO VERDE,1997,0,https://cerf.un.org/sites/default/files/resources/Cape%20Verde%202009%20RCHC%20Annual%20Report.pdf,"In the last three months of 2009, Cape Verde suffered its first outbreak of dengue.  from "
CABO VERDE,1998,0,https://cerf.un.org/sites/default/files/resources/Cape%20Verde%202009%20RCHC%20Annual%20Report.pdf,"In the last three months of 2009, Cape Verde suffered its first outbreak of dengue.  from "
CABO VERDE,1999,0,https://cerf.un.org/sites/default/files/resources/Cape%20Verde%202009%20RCHC%20Annual%20Report.pdf,"In the last three months of 2009, Cape Verde suffered its first outbreak of dengue.  from "
CABO VERDE,2000,0,https://cerf.un.org/sites/default/files/resources/Cape%20Verde%202009%20RCHC%20Annual%20Report.pdf,"In the last three months of 2009, Cape Verde suffered its first outbreak of dengue.  from "
CABO VERDE,2001,0,https://cerf.un.org/sites/default/files/resources/Cape%20Verde%202009%20RCHC%20Annual%20Report.pdf,"In the last three months of 2009, Cape Verde suffered its first outbreak of dengue.  from "
CABO VERDE,2002,0,https://cerf.un.org/sites/default/files/resources/Cape%20Verde%202009%20RCHC%20Annual%20Report.pdf,"In the last three months of 2009, Cape Verde suffered its first outbreak of dengue.  from "
CABO VERDE,2003,0,https://cerf.un.org/sites/default/files/resources/Cape%20Verde%202009%20RCHC%20Annual%20Report.pdf,"In the last three months of 2009, Cape Verde suffered its first outbreak of dengue.  from "
CABO VERDE,2004,0,https://cerf.un.org/sites/default/files/resources/Cape%20Verde%202009%20RCHC%20Annual%20Report.pdf,"In the last three months of 2009, Cape Verde suffered its first outbreak of dengue.  from "
CABO VERDE,2005,0,https://cerf.un.org/sites/default/files/resources/Cape%20Verde%202009%20RCHC%20Annual%20Report.pdf,"In the last three months of 2009, Cape Verde suffered its first outbreak of dengue.  from "
CABO VERDE,2006,0,https://cerf.un.org/sites/default/files/resources/Cape%20Verde%202009%20RCHC%20Annual%20Report.pdf,"In the last three months of 2009, Cape Verde suffered its first outbreak of dengue.  from "
CABO VERDE,2007,0,https://cerf.un.org/sites/default/files/resources/Cape%20Verde%202009%20RCHC%20Annual%20Report.pdf,"In the last three months of 2009, Cape Verde suffered its first outbreak of dengue.  from "
CABO VERDE,2008,0,https://cerf.un.org/sites/default/files/resources/Cape%20Verde%202009%20RCHC%20Annual%20Report.pdf,"In the last three months of 2009, Cape Verde suffered its first outbreak of dengue.  from "
ETHIOPIA,1990,0,  https://ejol.aau.edu.et/index.php/EJHD/article/download/1786/1417/2872,"In Ethiopia, DF was diagnosed only among travelers that return to countries to which dengue was not endemic but never reported as occurring locally (1, 14, 15) and it is also not included among the lists of national reportable diseases (16)."" from"
ETHIOPIA,1991,0,  https://ejol.aau.edu.et/index.php/EJHD/article/download/1786/1417/2872,"In Ethiopia, DF was diagnosed only among travelers that return to countries to which dengue was not endemic but never reported as occurring locally (1, 14, 15) and it is also not included among the lists of national reportable diseases (16)."" from"
ETHIOPIA,1992,0,  https://ejol.aau.edu.et/index.php/EJHD/article/download/1786/1417/2872,"In Ethiopia, DF was diagnosed only among travelers that return to countries to which dengue was not endemic but never reported as occurring locally (1, 14, 15) and it is also not included among the lists of national reportable diseases (16)."" from"
ETHIOPIA,1993,0,  https://ejol.aau.edu.et/index.php/EJHD/article/download/1786/1417/2872,"In Ethiopia, DF was diagnosed only among travelers that return to countries to which dengue was not endemic but never reported as occurring locally (1, 14, 15) and it is also not included among the lists of national reportable diseases (16)."" from"
ETHIOPIA,1994,0,  https://ejol.aau.edu.et/index.php/EJHD/article/download/1786/1417/2872,"In Ethiopia, DF was diagnosed only among travelers that return to countries to which dengue was not endemic but never reported as occurring locally (1, 14, 15) and it is also not included among the lists of national reportable diseases (16)."" from"
ETHIOPIA,1995,0,  https://ejol.aau.edu.et/index.php/EJHD/article/download/1786/1417/2872,"In Ethiopia, DF was diagnosed only among travelers that return to countries to which dengue was not endemic but never reported as occurring locally (1, 14, 15) and it is also not included among the lists of national reportable diseases (16)."" from"
ETHIOPIA,1996,0,  https://ejol.aau.edu.et/index.php/EJHD/article/download/1786/1417/2872,"In Ethiopia, DF was diagnosed only among travelers that return to countries to which dengue was not endemic but never reported as occurring locally (1, 14, 15) and it is also not included among the lists of national reportable diseases (16)."" from"
ETHIOPIA,1997,0,  https://ejol.aau.edu.et/index.php/EJHD/article/download/1786/1417/2872,"In Ethiopia, DF was diagnosed only among travelers that return to countries to which dengue was not endemic but never reported as occurring locally (1, 14, 15) and it is also not included among the lists of national reportable diseases (16)."" from"
ETHIOPIA,1998,0,  https://ejol.aau.edu.et/index.php/EJHD/article/download/1786/1417/2872,"In Ethiopia, DF was diagnosed only among travelers that return to countries to which dengue was not endemic but never reported as occurring locally (1, 14, 15) and it is also not included among the lists of national reportable diseases (16)."" from"
ETHIOPIA,1999,0,  https://ejol.aau.edu.et/index.php/EJHD/article/download/1786/1417/2872,"In Ethiopia, DF was diagnosed only among travelers that return to countries to which dengue was not endemic but never reported as occurring locally (1, 14, 15) and it is also not included among the lists of national reportable diseases (16)."" from"
ETHIOPIA,2000,0,  https://ejol.aau.edu.et/index.php/EJHD/article/download/1786/1417/2872,"In Ethiopia, DF was diagnosed only among travelers that return to countries to which dengue was not endemic but never reported as occurring locally (1, 14, 15) and it is also not included among the lists of national reportable diseases (16)."" from"
ETHIOPIA,2001,0,  https://ejol.aau.edu.et/index.php/EJHD/article/download/1786/1417/2872,"In Ethiopia, DF was diagnosed only among travelers that return to countries to which dengue was not endemic but never reported as occurring locally (1, 14, 15) and it is also not included among the lists of national reportable diseases (16)."" from"
ETHIOPIA,2002,0,  https://ejol.aau.edu.et/index.php/EJHD/article/download/1786/1417/2872,"In Ethiopia, DF was diagnosed only among travelers that return to countries to which dengue was not endemic but never reported as occurring locally (1, 14, 15) and it is also not included among the lists of national reportable diseases (16)."" from"
ETHIOPIA,2003,0,  https://ejol.aau.edu.et/index.php/EJHD/article/download/1786/1417/2872,"In Ethiopia, DF was diagnosed only among travelers that return to countries to which dengue was not endemic but never reported as occurring locally (1, 14, 15) and it is also not included among the lists of national reportable diseases (16)."" from"
ETHIOPIA,2004,0,  https://ejol.aau.edu.et/index.php/EJHD/article/download/1786/1417/2872,"In Ethiopia, DF was diagnosed only among travelers that return to countries to which dengue was not endemic but never reported as occurring locally (1, 14, 15) and it is also not included among the lists of national reportable diseases (16)."" from"
ETHIOPIA,2005,0,  https://ejol.aau.edu.et/index.php/EJHD/article/download/1786/1417/2872,"In Ethiopia, DF was diagnosed only among travelers that return to countries to which dengue was not endemic but never reported as occurring locally (1, 14, 15) and it is also not included among the lists of national reportable diseases (16)."" from"
ETHIOPIA,2006,0,  https://ejol.aau.edu.et/index.php/EJHD/article/download/1786/1417/2872,"In Ethiopia, DF was diagnosed only among travelers that return to countries to which dengue was not endemic but never reported as occurring locally (1, 14, 15) and it is also not included among the lists of national reportable diseases (16)."" from"
ETHIOPIA,2007,0,  https://ejol.aau.edu.et/index.php/EJHD/article/download/1786/1417/2872,"In Ethiopia, DF was diagnosed only among travelers that return to countries to which dengue was not endemic but never reported as occurring locally (1, 14, 15) and it is also not included among the lists of national reportable diseases (16)."" from"
ETHIOPIA,2008,0,  https://ejol.aau.edu.et/index.php/EJHD/article/download/1786/1417/2872,"In Ethiopia, DF was diagnosed only among travelers that return to countries to which dengue was not endemic but never reported as occurring locally (1, 14, 15) and it is also not included among the lists of national reportable diseases (16)."" from"
ETHIOPIA,2009,0,  https://ejol.aau.edu.et/index.php/EJHD/article/download/1786/1417/2872,"In Ethiopia, DF was diagnosed only among travelers that return to countries to which dengue was not endemic but never reported as occurring locally (1, 14, 15) and it is also not included among the lists of national reportable diseases (16)."" from"
ETHIOPIA,2010,0,  https://ejol.aau.edu.et/index.php/EJHD/article/download/1786/1417/2872,"In Ethiopia, DF was diagnosed only among travelers that return to countries to which dengue was not endemic but never reported as occurring locally (1, 14, 15) and it is also not included among the lists of national reportable diseases (16)."" from"
ETHIOPIA,2011,0,  https://ejol.aau.edu.et/index.php/EJHD/article/download/1786/1417/2872,"In Ethiopia, DF was diagnosed only among travelers that return to countries to which dengue was not endemic but never reported as occurring locally (1, 14, 15) and it is also not included among the lists of national reportable diseases (16)."" from"
ETHIOPIA,2012,0,  https://ejol.aau.edu.et/index.php/EJHD/article/download/1786/1417/2872,"In Ethiopia, DF was diagnosed only among travelers that return to countries to which dengue was not endemic but never reported as occurring locally (1, 14, 15) and it is also not included among the lists of national reportable diseases (16)."" from"
AFGHANISTAN,1990,0,https://pubmed.ncbi.nlm.nih.gov/39801334/,"Dengue fever is considered as an emerging disease in Afghanistan. Since the first outbreak was reported in 2019, other outbreaks have been reported in the following years."
AFGHANISTAN,1991,0,https://pubmed.ncbi.nlm.nih.gov/39801334/,"Dengue fever is considered as an emerging disease in Afghanistan. Since the first outbreak was reported in 2019, other outbreaks have been reported in the following years."
AFGHANISTAN,1992,0,https://pubmed.ncbi.nlm.nih.gov/39801334/,"Dengue fever is considered as an emerging disease in Afghanistan. Since the first outbreak was reported in 2019, other outbreaks have been reported in the following years."
AFGHANISTAN,1993,0,https://pubmed.ncbi.nlm.nih.gov/39801334/,"Dengue fever is considered as an emerging disease in Afghanistan. Since the first outbreak was reported in 2019, other outbreaks have been reported in the following years."
AFGHANISTAN,1994,0,https://pubmed.ncbi.nlm.nih.gov/39801334/,"Dengue fever is considered as an emerging disease in Afghanistan. Since the first outbreak was reported in 2019, other outbreaks have been reported in the following years."
AFGHANISTAN,1995,0,https://pubmed.ncbi.nlm.nih.gov/39801334/,"Dengue fever is considered as an emerging disease in Afghanistan. Since the first outbreak was reported in 2019, other outbreaks have been reported in the following years."
AFGHANISTAN,1996,0,https://pubmed.ncbi.nlm.nih.gov/39801334/,"Dengue fever is considered as an emerging disease in Afghanistan. Since the first outbreak was reported in 2019, other outbreaks have been reported in the following years."
AFGHANISTAN,1997,0,https://pubmed.ncbi.nlm.nih.gov/39801334/,"Dengue fever is considered as an emerging disease in Afghanistan. Since the first outbreak was reported in 2019, other outbreaks have been reported in the following years."
AFGHANISTAN,1998,0,https://pubmed.ncbi.nlm.nih.gov/39801334/,"Dengue fever is considered as an emerging disease in Afghanistan. Since the first outbreak was reported in 2019, other outbreaks have been reported in the following years."
AFGHANISTAN,1999,0,https://pubmed.ncbi.nlm.nih.gov/39801334/,"Dengue fever is considered as an emerging disease in Afghanistan. Since the first outbreak was reported in 2019, other outbreaks have been reported in the following years."
AFGHANISTAN,2000,0,https://pubmed.ncbi.nlm.nih.gov/39801334/,"Dengue fever is considered as an emerging disease in Afghanistan. Since the first outbreak was reported in 2019, other outbreaks have been reported in the following years."
AFGHANISTAN,2001,0,https://pubmed.ncbi.nlm.nih.gov/39801334/,"Dengue fever is considered as an emerging disease in Afghanistan. Since the first outbreak was reported in 2019, other outbreaks have been reported in the following years."
AFGHANISTAN,2002,0,https://pubmed.ncbi.nlm.nih.gov/39801334/,"Dengue fever is considered as an emerging disease in Afghanistan. Since the first outbreak was reported in 2019, other outbreaks have been reported in the following years."
AFGHANISTAN,2003,0,https://pubmed.ncbi.nlm.nih.gov/39801334/,"Dengue fever is considered as an emerging disease in Afghanistan. Since the first outbreak was reported in 2019, other outbreaks have been reported in the following years."
AFGHANISTAN,2004,0,https://pubmed.ncbi.nlm.nih.gov/39801334/,"Dengue fever is considered as an emerging disease in Afghanistan. Since the first outbreak was reported in 2019, other outbreaks have been reported in the following years."
AFGHANISTAN,2005,0,https://pubmed.ncbi.nlm.nih.gov/39801334/,"Dengue fever is considered as an emerging disease in Afghanistan. Since the first outbreak was reported in 2019, other outbreaks have been reported in the following years."
AFGHANISTAN,2006,0,https://pubmed.ncbi.nlm.nih.gov/39801334/,"Dengue fever is considered as an emerging disease in Afghanistan. Since the first outbreak was reported in 2019, other outbreaks have been reported in the following years."
AFGHANISTAN,2007,0,https://pubmed.ncbi.nlm.nih.gov/39801334/,"Dengue fever is considered as an emerging disease in Afghanistan. Since the first outbreak was reported in 2019, other outbreaks have been reported in the following years."
AFGHANISTAN,2008,0,https://pubmed.ncbi.nlm.nih.gov/39801334/,"Dengue fever is considered as an emerging disease in Afghanistan. Since the first outbreak was reported in 2019, other outbreaks have been reported in the following years."
AFGHANISTAN,2009,0,https://pubmed.ncbi.nlm.nih.gov/39801334/,"Dengue fever is considered as an emerging disease in Afghanistan. Since the first outbreak was reported in 2019, other outbreaks have been reported in the following years."
AFGHANISTAN,2010,0,https://pubmed.ncbi.nlm.nih.gov/39801334/,"Dengue fever is considered as an emerging disease in Afghanistan. Since the first outbreak was reported in 2019, other outbreaks have been reported in the following years."
AFGHANISTAN,2011,0,https://pubmed.ncbi.nlm.nih.gov/39801334/,"Dengue fever is considered as an emerging disease in Afghanistan. Since the first outbreak was reported in 2019, other outbreaks have been reported in the following years."
AFGHANISTAN,2012,0,https://pubmed.ncbi.nlm.nih.gov/39801334/,"Dengue fever is considered as an emerging disease in Afghanistan. Since the first outbreak was reported in 2019, other outbreaks have been reported in the following years."
AFGHANISTAN,2013,0,https://pubmed.ncbi.nlm.nih.gov/39801334/,"Dengue fever is considered as an emerging disease in Afghanistan. Since the first outbreak was reported in 2019, other outbreaks have been reported in the following years."
AFGHANISTAN,2014,0,https://pubmed.ncbi.nlm.nih.gov/39801334/,"Dengue fever is considered as an emerging disease in Afghanistan. Since the first outbreak was reported in 2019, other outbreaks have been reported in the following years."
AFGHANISTAN,2015,0,https://pubmed.ncbi.nlm.nih.gov/39801334/,"Dengue fever is considered as an emerging disease in Afghanistan. Since the first outbreak was reported in 2019, other outbreaks have been reported in the following years."
AFGHANISTAN,2016,0,https://pubmed.ncbi.nlm.nih.gov/39801334/,"Dengue fever is considered as an emerging disease in Afghanistan. Since the first outbreak was reported in 2019, other outbreaks have been reported in the following years."
AFGHANISTAN,2017,0,https://pubmed.ncbi.nlm.nih.gov/39801334/,"Dengue fever is considered as an emerging disease in Afghanistan. Since the first outbreak was reported in 2019, other outbreaks have been reported in the following years."
AFGHANISTAN,2018,0,https://pubmed.ncbi.nlm.nih.gov/39801334/,"Dengue fever is considered as an emerging disease in Afghanistan. Since the first outbreak was reported in 2019, other outbreaks have been reported in the following years."
OMAN,1990,0,WHOEMRO-ALL-2018-Y01-02,"The country reported its fi rst imported dengue fever cases in 2001. Since 2001, the number of travel-associateddengue fever cases were reported in the country on a regular basis."
OMAN,1991,0,WHOEMRO-ALL-2018-Y01-02,"The country reported its fi rst imported dengue fever cases in 2001. Since 2001, the number of travel-associateddengue fever cases were reported in the country on a regular basis."
OMAN,1992,0,WHOEMRO-ALL-2018-Y01-02,"The country reported its fi rst imported dengue fever cases in 2001. Since 2001, the number of travel-associateddengue fever cases were reported in the country on a regular basis."
OMAN,1993,0,WHOEMRO-ALL-2018-Y01-02,"The country reported its fi rst imported dengue fever cases in 2001. Since 2001, the number of travel-associateddengue fever cases were reported in the country on a regular basis."
OMAN,1994,0,WHOEMRO-ALL-2018-Y01-02,"The country reported its fi rst imported dengue fever cases in 2001. Since 2001, the number of travel-associateddengue fever cases were reported in the country on a regular basis."
OMAN,1995,0,WHOEMRO-ALL-2018-Y01-02,"The country reported its fi rst imported dengue fever cases in 2001. Since 2001, the number of travel-associateddengue fever cases were reported in the country on a regular basis."
OMAN,1996,0,WHOEMRO-ALL-2018-Y01-02,"The country reported its fi rst imported dengue fever cases in 2001. Since 2001, the number of travel-associateddengue fever cases were reported in the country on a regular basis."
OMAN,1997,0,WHOEMRO-ALL-2018-Y01-02,"The country reported its fi rst imported dengue fever cases in 2001. Since 2001, the number of travel-associateddengue fever cases were reported in the country on a regular basis."
OMAN,1998,0,WHOEMRO-ALL-2018-Y01-02,"The country reported its fi rst imported dengue fever cases in 2001. Since 2001, the number of travel-associateddengue fever cases were reported in the country on a regular basis."
OMAN,1999,0,WHOEMRO-ALL-2018-Y01-02,"The country reported its fi rst imported dengue fever cases in 2001. Since 2001, the number of travel-associateddengue fever cases were reported in the country on a regular basis."
OMAN,2000,0,WHOEMRO-ALL-2018-Y01-02,"The country reported its fi rst imported dengue fever cases in 2001. Since 2001, the number of travel-associateddengue fever cases were reported in the country on a regular basis."
IRAN (ISLAMIC REPUBLIC OF),1990,0,https://pmc.ncbi.nlm.nih.gov/articles/PMC11497365/,"In June 2024, Iran reported its first locally acquired dengue cases"
IRAN (ISLAMIC REPUBLIC OF),1991,0,https://pmc.ncbi.nlm.nih.gov/articles/PMC11497365/,"In June 2024, Iran reported its first locally acquired dengue cases"
IRAN (ISLAMIC REPUBLIC OF),1992,0,https://pmc.ncbi.nlm.nih.gov/articles/PMC11497365/,"In June 2024, Iran reported its first locally acquired dengue cases"
IRAN (ISLAMIC REPUBLIC OF),1993,0,https://pmc.ncbi.nlm.nih.gov/articles/PMC11497365/,"In June 2024, Iran reported its first locally acquired dengue cases"
IRAN (ISLAMIC REPUBLIC OF),1994,0,https://pmc.ncbi.nlm.nih.gov/articles/PMC11497365/,"In June 2024, Iran reported its first locally acquired dengue cases"
IRAN (ISLAMIC REPUBLIC OF),1995,0,https://pmc.ncbi.nlm.nih.gov/articles/PMC11497365/,"In June 2024, Iran reported its first locally acquired dengue cases"
IRAN (ISLAMIC REPUBLIC OF),1996,0,https://pmc.ncbi.nlm.nih.gov/articles/PMC11497365/,"In June 2024, Iran reported its first locally acquired dengue cases"
IRAN (ISLAMIC REPUBLIC OF),1997,0,https://pmc.ncbi.nlm.nih.gov/articles/PMC11497365/,"In June 2024, Iran reported its first locally acquired dengue cases"
IRAN (ISLAMIC REPUBLIC OF),1998,0,https://pmc.ncbi.nlm.nih.gov/articles/PMC11497365/,"In June 2024, Iran reported its first locally acquired dengue cases"
IRAN (ISLAMIC REPUBLIC OF),1999,0,https://pmc.ncbi.nlm.nih.gov/articles/PMC11497365/,"In June 2024, Iran reported its first locally acquired dengue cases"
IRAN (ISLAMIC REPUBLIC OF),2000,0,https://pmc.ncbi.nlm.nih.gov/articles/PMC11497365/,"In June 2024, Iran reported its first locally acquired dengue cases"
IRAN (ISLAMIC REPUBLIC OF),2001,0,https://pmc.ncbi.nlm.nih.gov/articles/PMC11497365/,"In June 2024, Iran reported its first locally acquired dengue cases"
IRAN (ISLAMIC REPUBLIC OF),2002,0,https://pmc.ncbi.nlm.nih.gov/articles/PMC11497365/,"In June 2024, Iran reported its first locally acquired dengue cases"
IRAN (ISLAMIC REPUBLIC OF),2003,0,https://pmc.ncbi.nlm.nih.gov/articles/PMC11497365/,"In June 2024, Iran reported its first locally acquired dengue cases"
IRAN (ISLAMIC REPUBLIC OF),2004,0,https://pmc.ncbi.nlm.nih.gov/articles/PMC11497365/,"In June 2024, Iran reported its first locally acquired dengue cases"
IRAN (ISLAMIC REPUBLIC OF),2005,0,https://pmc.ncbi.nlm.nih.gov/articles/PMC11497365/,"In June 2024, Iran reported its first locally acquired dengue cases"
IRAN (ISLAMIC REPUBLIC OF),2006,0,https://pmc.ncbi.nlm.nih.gov/articles/PMC11497365/,"In June 2024, Iran reported its first locally acquired dengue cases"
IRAN (ISLAMIC REPUBLIC OF),2007,0,https://pmc.ncbi.nlm.nih.gov/articles/PMC11497365/,"In June 2024, Iran reported its first locally acquired dengue cases"
IRAN (ISLAMIC REPUBLIC OF),2008,0,https://pmc.ncbi.nlm.nih.gov/articles/PMC11497365/,"In June 2024, Iran reported its first locally acquired dengue cases"
IRAN (ISLAMIC REPUBLIC OF),2009,0,https://pmc.ncbi.nlm.nih.gov/articles/PMC11497365/,"In June 2024, Iran reported its first locally acquired dengue cases"
IRAN (ISLAMIC REPUBLIC OF),2010,0,https://pmc.ncbi.nlm.nih.gov/articles/PMC11497365/,"In June 2024, Iran reported its first locally acquired dengue cases"
IRAN (ISLAMIC REPUBLIC OF),2011,0,https://pmc.ncbi.nlm.nih.gov/articles/PMC11497365/,"In June 2024, Iran reported its first locally acquired dengue cases"
IRAN (ISLAMIC REPUBLIC OF),2012,0,https://pmc.ncbi.nlm.nih.gov/articles/PMC11497365/,"In June 2024, Iran reported its first locally acquired dengue cases"
IRAN (ISLAMIC REPUBLIC OF),2013,0,https://pmc.ncbi.nlm.nih.gov/articles/PMC11497365/,"In June 2024, Iran reported its first locally acquired dengue cases"
IRAN (ISLAMIC REPUBLIC OF),2014,0,https://pmc.ncbi.nlm.nih.gov/articles/PMC11497365/,"In June 2024, Iran reported its first locally acquired dengue cases"
IRAN (ISLAMIC REPUBLIC OF),2015,0,https://pmc.ncbi.nlm.nih.gov/articles/PMC11497365/,"In June 2024, Iran reported its first locally acquired dengue cases"
IRAN (ISLAMIC REPUBLIC OF),2016,0,https://pmc.ncbi.nlm.nih.gov/articles/PMC11497365/,"In June 2024, Iran reported its first locally acquired dengue cases"
IRAN (ISLAMIC REPUBLIC OF),2017,0,https://pmc.ncbi.nlm.nih.gov/articles/PMC11497365/,"In June 2024, Iran reported its first locally acquired dengue cases"
IRAN (ISLAMIC REPUBLIC OF),2018,0,https://pmc.ncbi.nlm.nih.gov/articles/PMC11497365/,"In June 2024, Iran reported its first locally acquired dengue cases"
IRAN (ISLAMIC REPUBLIC OF),2019,0,https://pmc.ncbi.nlm.nih.gov/articles/PMC11497365/,"In June 2024, Iran reported its first locally acquired dengue cases"
IRAN (ISLAMIC REPUBLIC OF),2020,0,https://pmc.ncbi.nlm.nih.gov/articles/PMC11497365/,"In June 2024, Iran reported its first locally acquired dengue cases"
IRAN (ISLAMIC REPUBLIC OF),2021,0,https://pmc.ncbi.nlm.nih.gov/articles/PMC11497365/,"In June 2024, Iran reported its first locally acquired dengue cases"
IRAN (ISLAMIC REPUBLIC OF),2022,0,https://pmc.ncbi.nlm.nih.gov/articles/PMC11497365/,"In June 2024, Iran reported its first locally acquired dengue cases"
IRAN (ISLAMIC REPUBLIC OF),2023,0,https://pmc.ncbi.nlm.nih.gov/articles/PMC11497365/,"In June 2024, Iran reported its first locally acquired dengue cases"
