"adm_0_name","Year","Month","dengue_total","source_file"
"Cook Islands",1990,1,0,"SPEHSIS"
"Cook Islands",1990,2,0,"SPEHSIS"
"Cook Islands",1990,3,0,"SPEHSIS"
"Cook Islands",1990,4,0,"SPEHSIS"
"Cook Islands",1990,5,0,"SPEHSIS"
"Cook Islands",1990,6,0,"SPEHSIS"
"Cook Islands",1990,7,0,"SPEHSIS"
"Cook Islands",1990,8,2,"SPEHSIS"
"Cook Islands",1990,9,0,"SPEHSIS"
"Cook Islands",1990,10,0,"SPEHSIS"
"Cook Islands",1990,11,0,"SPEHSIS"
"Cook Islands",1990,12,0,"SPEHSIS"
"Fed. States of Micronesia",1990,1,0,"SPEHSIS"
"Fed. States of Micronesia",1990,6,11,"SPEHSIS"
"Fed. States of Micronesia",1990,7,0,"SPEHSIS"
"Fed. States of Micronesia",1990,8,0,"SPEHSIS"
"Fed. States of Micronesia",1990,9,2,"SPEHSIS"
"Fiji",1990,1,591,"SPEHSIS"
"Fiji",1990,2,283,"SPEHSIS"
"Fiji",1990,3,413,"SPEHSIS"
"Fiji",1990,4,93,"SPEHSIS"
"Fiji",1990,5,50,"SPEHSIS"
"Fiji",1990,6,18,"SPEHSIS"
"Fiji",1990,7,13,"SPEHSIS"
"Fiji",1990,8,3,"SPEHSIS"
"Fiji",1990,9,0,"SPEHSIS"
"Fiji",1990,10,0,"SPEHSIS"
"Fiji",1990,11,0,"SPEHSIS"
"Fiji",1990,12,9,"SPEHSIS"
"French Polynesia",1990,1,1129,"SPEHSIS"
"French Polynesia",1990,2,561,"SPEHSIS"
"French Polynesia",1990,3,624,"SPEHSIS"
"French Polynesia",1990,4,348,"SPEHSIS"
"French Polynesia",1990,5,248,"SPEHSIS"
"French Polynesia",1990,6,164,"SPEHSIS"
"French Polynesia",1990,7,102,"SPEHSIS"
"French Polynesia",1990,8,115,"SPEHSIS"
"French Polynesia",1990,9,56,"SPEHSIS"
"French Polynesia",1990,10,19,"SPEHSIS"
"French Polynesia",1990,11,110,"SPEHSIS"
"French Polynesia",1990,12,129,"SPEHSIS"
"Kiribati",1990,1,0,"SPEHSIS"
"Kiribati",1990,2,9,"SPEHSIS"
"Kiribati",1990,3,0,"SPEHSIS"
"Kiribati",1990,4,0,"SPEHSIS"
"Kiribati",1990,5,0,"SPEHSIS"
"Kiribati",1990,6,0,"SPEHSIS"
"Kiribati",1990,7,0,"SPEHSIS"
"Kiribati",1990,8,0,"SPEHSIS"
"Kiribati",1990,9,0,"SPEHSIS"
"Kiribati",1990,10,0,"SPEHSIS"
"Kiribati",1990,11,0,"SPEHSIS"
"Kiribati",1990,12,0,"SPEHSIS"
"New Caledonia",1990,1,14,"SPEHSIS"
"New Caledonia",1990,2,78,"SPEHSIS"
"New Caledonia",1990,3,77,"SPEHSIS"
"New Caledonia",1990,4,93,"SPEHSIS"
"New Caledonia",1990,5,30,"SPEHSIS"
"New Caledonia",1990,6,25,"SPEHSIS"
"New Caledonia",1990,7,5,"SPEHSIS"
"New Caledonia",1990,8,0,"SPEHSIS"
"New Caledonia",1990,9,1,"SPEHSIS"
"New Caledonia",1990,10,1,"SPEHSIS"
"New Caledonia",1990,11,1,"SPEHSIS"
"New Caledonia",1990,12,1,"SPEHSIS"
"Tokelau",1990,1,43,"SPEHSIS"
"Tokelau",1990,2,0,"SPEHSIS"
"Tokelau",1990,3,0,"SPEHSIS"
"Tokelau",1990,4,0,"SPEHSIS"
"Tokelau",1990,5,0,"SPEHSIS"
"Tokelau",1990,6,0,"SPEHSIS"
"Tokelau",1990,7,0,"SPEHSIS"
"Tokelau",1990,8,0,"SPEHSIS"
"Tokelau",1990,9,0,"SPEHSIS"
"Tokelau",1990,10,0,"SPEHSIS"
"Tokelau",1990,11,0,"SPEHSIS"
"Tokelau",1990,12,0,"SPEHSIS"
"Tonga",1990,1,12,"SPEHSIS"
"Tonga",1990,2,12,"SPEHSIS"
"Tonga",1990,3,43,"SPEHSIS"
"Tonga",1990,4,0,"SPEHSIS"
"Tonga",1990,5,170,"SPEHSIS"
"Tonga",1990,6,61,"SPEHSIS"
"Tonga",1990,7,0,"SPEHSIS"
"Tonga",1990,8,0,"SPEHSIS"
"Tonga",1990,9,0,"SPEHSIS"
"Tonga",1990,10,0,"SPEHSIS"
"Tonga",1990,11,0,"SPEHSIS"
"Tonga",1990,12,0,"SPEHSIS"
"Tuvalu",1990,1,10,"SPEHSIS"
"Tuvalu",1990,2,0,"SPEHSIS"
"Tuvalu",1990,3,0,"SPEHSIS"
"Tuvalu",1990,4,0,"SPEHSIS"
"Tuvalu",1990,5,0,"SPEHSIS"
"Tuvalu",1990,6,0,"SPEHSIS"
"Tuvalu",1990,7,0,"SPEHSIS"
"Tuvalu",1990,8,0,"SPEHSIS"
"Tuvalu",1990,9,0,"SPEHSIS"
"Tuvalu",1990,10,0,"SPEHSIS"
"Tuvalu",1990,11,0,"SPEHSIS"
"Tuvalu",1990,12,0,"SPEHSIS"
"Vanuatu",1990,1,449,"SPEHSIS"
"Vanuatu",1990,2,305,"SPEHSIS"
"Vanuatu",1990,3,80,"SPEHSIS"
"Vanuatu",1990,4,5,"SPEHSIS"
"Vanuatu",1990,5,69,"SPEHSIS"
"Vanuatu",1990,6,13,"SPEHSIS"
"Vanuatu",1990,7,10,"SPEHSIS"
"Vanuatu",1990,8,25,"SPEHSIS"
"Vanuatu",1990,9,14,"SPEHSIS"
"Vanuatu",1990,10,6,"SPEHSIS"
"Vanuatu",1990,11,11,"SPEHSIS"
"Vanuatu",1990,12,2,"SPEHSIS"
"Wallis and Futuna",1990,1,23,"SPEHSIS"
"Wallis and Futuna",1990,2,25,"SPEHSIS"
"Wallis and Futuna",1990,3,16,"SPEHSIS"
"Wallis and Futuna",1990,4,9,"SPEHSIS"
"Wallis and Futuna",1990,5,2,"SPEHSIS"
"Wallis and Futuna",1990,6,2,"SPEHSIS"
"Wallis and Futuna",1990,7,0,"SPEHSIS"
"Wallis and Futuna",1990,8,0,"SPEHSIS"
"Wallis and Futuna",1990,9,0,"SPEHSIS"
"Wallis and Futuna",1990,10,0,"SPEHSIS"
"Wallis and Futuna",1990,11,0,"SPEHSIS"
"Wallis and Futuna",1990,12,0,"SPEHSIS"
"Western Samoa",1990,1,38,"SPEHSIS"
"Western Samoa",1990,2,6,"SPEHSIS"
"Western Samoa",1990,3,3,"SPEHSIS"
"Western Samoa",1990,4,2,"SPEHSIS"
"Western Samoa",1990,5,0,"SPEHSIS"
"Western Samoa",1990,6,0,"SPEHSIS"
"Western Samoa",1990,7,0,"SPEHSIS"
"Western Samoa",1990,8,0,"SPEHSIS"
"Western Samoa",1990,9,0,"SPEHSIS"
"Western Samoa",1990,10,0,"SPEHSIS"
"Western Samoa",1990,11,0,"SPEHSIS"
"Western Samoa",1990,12,0,"SPEHSIS"
"Cook Islands",1991,1,2,"SPEHSIS"
"Cook Islands",1991,2,304,"SPEHSIS"
"Cook Islands",1991,3,394,"SPEHSIS"
"Cook Islands",1991,4,352,"SPEHSIS"
"Cook Islands",1991,5,148,"SPEHSIS"
"Cook Islands",1991,6,243,"SPEHSIS"
"Cook Islands",1991,7,264,"SPEHSIS"
"Cook Islands",1991,8,54,"SPEHSIS"
"Cook Islands",1991,9,8,"SPEHSIS"
"Cook Islands",1991,10,2,"SPEHSIS"
"Cook Islands",1991,11,4,"SPEHSIS"
"Cook Islands",1991,12,1,"SPEHSIS"
"Fiji",1991,1,29,"SPEHSIS"
"Fiji",1991,2,4,"SPEHSIS"
"Fiji",1991,3,0,"SPEHSIS"
"Fiji",1991,4,22,"SPEHSIS"
"Fiji",1991,5,0,"SPEHSIS"
"Fiji",1991,6,9,"SPEHSIS"
"Fiji",1991,7,0,"SPEHSIS"
"Fiji",1991,8,0,"SPEHSIS"
"Fiji",1991,9,1,"SPEHSIS"
"Fiji",1991,10,0,"SPEHSIS"
"Fiji",1991,11,0,"SPEHSIS"
"Fiji",1991,12,0,"SPEHSIS"
"French Polynesia",1991,1,56,"SPEHSIS"
"French Polynesia",1991,2,108,"SPEHSIS"
"French Polynesia",1991,3,44,"SPEHSIS"
"French Polynesia",1991,4,28,"SPEHSIS"
"French Polynesia",1991,5,23,"SPEHSIS"
"French Polynesia",1991,6,44,"SPEHSIS"
"French Polynesia",1991,7,52,"SPEHSIS"
"French Polynesia",1991,8,35,"SPEHSIS"
"French Polynesia",1991,9,36,"SPEHSIS"
"French Polynesia",1991,10,34,"SPEHSIS"
"French Polynesia",1991,11,33,"SPEHSIS"
"French Polynesia",1991,12,25,"SPEHSIS"
"Marshall Islands",1991,1,0,"SPEHSIS"
"Marshall Islands",1991,2,0,"SPEHSIS"
"Marshall Islands",1991,3,56,"SPEHSIS"
"Marshall Islands",1991,4,0,"SPEHSIS"
"Marshall Islands",1991,5,0,"SPEHSIS"
"Marshall Islands",1991,6,0,"SPEHSIS"
"Marshall Islands",1991,7,0,"SPEHSIS"
"Marshall Islands",1991,8,0,"SPEHSIS"
"Marshall Islands",1991,9,0,"SPEHSIS"
"Marshall Islands",1991,10,0,"SPEHSIS"
"Marshall Islands",1991,11,0,"SPEHSIS"
"Marshall Islands",1991,12,0,"SPEHSIS"
"New Caledonia",1991,1,13,"SPEHSIS"
"New Caledonia",1991,2,3,"SPEHSIS"
"New Caledonia",1991,3,6,"SPEHSIS"
"New Caledonia",1991,4,1,"SPEHSIS"
"New Caledonia",1991,5,1,"SPEHSIS"
"New Caledonia",1991,6,1,"SPEHSIS"
"New Caledonia",1991,7,0,"SPEHSIS"
"New Caledonia",1991,8,0,"SPEHSIS"
"New Caledonia",1991,9,0,"SPEHSIS"
"New Caledonia",1991,10,1,"SPEHSIS"
"New Caledonia",1991,11,0,"SPEHSIS"
"New Caledonia",1991,12,0,"SPEHSIS"
"Niue",1991,1,0,"SPEHSIS"
"Niue",1991,2,0,"SPEHSIS"
"Niue",1991,3,0,"SPEHSIS"
"Niue",1991,4,0,"SPEHSIS"
"Niue",1991,5,1,"SPEHSIS"
"Niue",1991,6,1,"SPEHSIS"
"Niue",1991,7,0,"SPEHSIS"
"Niue",1991,8,0,"SPEHSIS"
"Niue",1991,9,0,"SPEHSIS"
"Niue",1991,10,0,"SPEHSIS"
"Niue",1991,11,0,"SPEHSIS"
"Niue",1991,12,0,"SPEHSIS"
"Tokelau",1991,1,0,"SPEHSIS"
"Tokelau",1991,2,0,"SPEHSIS"
"Tokelau",1991,3,0,"SPEHSIS"
"Tokelau",1991,4,0,"SPEHSIS"
"Tokelau",1991,5,0,"SPEHSIS"
"Tokelau",1991,6,0,"SPEHSIS"
"Tokelau",1991,7,0,"SPEHSIS"
"Tokelau",1991,8,0,"SPEHSIS"
"Tokelau",1991,9,0,"SPEHSIS"
"Tokelau",1991,10,0,"SPEHSIS"
"Tokelau",1991,11,0,"SPEHSIS"
"Tokelau",1991,12,3,"SPEHSIS"
"Tonga",1991,1,8,"SPEHSIS"
"Tonga",1991,2,18,"SPEHSIS"
"Tonga",1991,3,26,"SPEHSIS"
"Tonga",1991,4,22,"SPEHSIS"
"Tonga",1991,5,14,"SPEHSIS"
"Tonga",1991,6,10,"SPEHSIS"
"Tonga",1991,7,5,"SPEHSIS"
"Tonga",1991,8,1,"SPEHSIS"
"Tonga",1991,9,9,"SPEHSIS"
"Tonga",1991,10,5,"SPEHSIS"
"Tonga",1991,11,3,"SPEHSIS"
"Tonga",1991,12,1,"SPEHSIS"
"Vanuatu",1991,1,1,"SPEHSIS"
"Vanuatu",1991,2,1,"SPEHSIS"
"Vanuatu",1991,3,1,"SPEHSIS"
"Vanuatu",1991,4,0,"SPEHSIS"
"Vanuatu",1991,5,0,"SPEHSIS"
"Vanuatu",1991,6,0,"SPEHSIS"
"Vanuatu",1991,7,0,"SPEHSIS"
"Vanuatu",1991,8,0,"SPEHSIS"
"Vanuatu",1991,9,0,"SPEHSIS"
"Vanuatu",1991,10,0,"SPEHSIS"
"Vanuatu",1991,11,0,"SPEHSIS"
"Vanuatu",1991,12,0,"SPEHSIS"
"Wallis and Futuna",1991,1,5,"SPEHSIS"
"Wallis and Futuna",1991,2,0,"SPEHSIS"
"Wallis and Futuna",1991,3,0,"SPEHSIS"
"Wallis and Futuna",1991,4,0,"SPEHSIS"
"Wallis and Futuna",1991,5,0,"SPEHSIS"
"Wallis and Futuna",1991,6,1,"SPEHSIS"
"Wallis and Futuna",1991,7,0,"SPEHSIS"
"Wallis and Futuna",1991,8,0,"SPEHSIS"
"Wallis and Futuna",1991,9,3,"SPEHSIS"
"Wallis and Futuna",1991,10,2,"SPEHSIS"
"Wallis and Futuna",1991,11,0,"SPEHSIS"
"Wallis and Futuna",1991,12,0,"SPEHSIS"
"Western Samoa",1991,1,0,"SPEHSIS"
"Western Samoa",1991,2,0,"SPEHSIS"
"Western Samoa",1991,3,1,"SPEHSIS"
"Western Samoa",1991,4,0,"SPEHSIS"
"Western Samoa",1991,5,0,"SPEHSIS"
"Western Samoa",1991,6,0,"SPEHSIS"
"Western Samoa",1991,7,0,"SPEHSIS"
"Western Samoa",1991,8,1,"SPEHSIS"
"Western Samoa",1991,9,20,"SPEHSIS"
"Western Samoa",1991,10,0,"SPEHSIS"
"Western Samoa",1991,11,0,"SPEHSIS"
"Western Samoa",1991,12,0,"SPEHSIS"
"American Samoa",1992,1,0,"SPEHSIS"
"American Samoa",1992,2,0,"SPEHSIS"
"American Samoa",1992,3,0,"SPEHSIS"
"American Samoa",1992,4,0,"SPEHSIS"
"American Samoa",1992,5,0,"SPEHSIS"
"American Samoa",1992,6,0,"SPEHSIS"
"American Samoa",1992,7,0,"SPEHSIS"
"American Samoa",1992,8,0,"SPEHSIS"
"American Samoa",1992,9,0,"SPEHSIS"
"American Samoa",1992,10,0,"SPEHSIS"
"American Samoa",1992,11,0,"SPEHSIS"
"American Samoa",1992,12,0,"SPEHSIS"
"Cook Islands",1992,1,0,"SPEHSIS"
"Cook Islands",1992,2,4,"SPEHSIS"
"Cook Islands",1992,3,1,"SPEHSIS"
"Cook Islands",1992,4,0,"SPEHSIS"
"Cook Islands",1992,5,0,"SPEHSIS"
"Cook Islands",1992,6,0,"SPEHSIS"
"Cook Islands",1992,7,0,"SPEHSIS"
"Cook Islands",1992,8,0,"SPEHSIS"
"Cook Islands",1992,9,0,"SPEHSIS"
"Cook Islands",1992,10,0,"SPEHSIS"
"Cook Islands",1992,11,0,"SPEHSIS"
"Cook Islands",1992,12,0,"SPEHSIS"
"Fiji",1992,1,31,"SPEHSIS"
"Fiji",1992,2,46,"SPEHSIS"
"Fiji",1992,3,31,"SPEHSIS"
"Fiji",1992,4,129,"SPEHSIS"
"Fiji",1992,5,12,"SPEHSIS"
"Fiji",1992,6,40,"SPEHSIS"
"Fiji",1992,7,31,"SPEHSIS"
"Fiji",1992,8,2,"SPEHSIS"
"Fiji",1992,9,8,"SPEHSIS"
"Fiji",1992,10,1,"SPEHSIS"
"Fiji",1992,11,12,"SPEHSIS"
"Fiji",1992,12,6,"SPEHSIS"
"French Polynesia",1992,1,215,"SPEHSIS"
"French Polynesia",1992,2,49,"SPEHSIS"
"French Polynesia",1992,3,49,"SPEHSIS"
"French Polynesia",1992,4,67,"SPEHSIS"
"French Polynesia",1992,5,53,"SPEHSIS"
"French Polynesia",1992,6,24,"SPEHSIS"
"French Polynesia",1992,7,15,"SPEHSIS"
"French Polynesia",1992,8,15,"SPEHSIS"
"French Polynesia",1992,9,23,"SPEHSIS"
"French Polynesia",1992,10,34,"SPEHSIS"
"French Polynesia",1992,11,29,"SPEHSIS"
"French Polynesia",1992,12,20,"SPEHSIS"
"Kiribati",1992,1,0,"SPEHSIS"
"Kiribati",1992,2,0,"SPEHSIS"
"Kiribati",1992,3,0,"SPEHSIS"
"Kiribati",1992,4,0,"SPEHSIS"
"Kiribati",1992,5,0,"SPEHSIS"
"Kiribati",1992,6,0,"SPEHSIS"
"Kiribati",1992,7,0,"SPEHSIS"
"Kiribati",1992,8,0,"SPEHSIS"
"Kiribati",1992,9,0,"SPEHSIS"
"Kiribati",1992,10,0,"SPEHSIS"
"Kiribati",1992,11,0,"SPEHSIS"
"Kiribati",1992,12,0,"SPEHSIS"
"New Caledonia",1992,1,3,"SPEHSIS"
"New Caledonia",1992,2,0,"SPEHSIS"
"New Caledonia",1992,3,1,"SPEHSIS"
"New Caledonia",1992,4,4,"SPEHSIS"
"New Caledonia",1992,5,0,"SPEHSIS"
"New Caledonia",1992,6,0,"SPEHSIS"
"New Caledonia",1992,7,0,"SPEHSIS"
"New Caledonia",1992,8,0,"SPEHSIS"
"New Caledonia",1992,9,1,"SPEHSIS"
"New Caledonia",1992,10,0,"SPEHSIS"
"New Caledonia",1992,11,1,"SPEHSIS"
"New Caledonia",1992,12,0,"SPEHSIS"
"Northern Mariana Islands",1992,1,0,"SPEHSIS"
"Northern Mariana Islands",1992,2,0,"SPEHSIS"
"Northern Mariana Islands",1992,3,0,"SPEHSIS"
"Northern Mariana Islands",1992,4,0,"SPEHSIS"
"Northern Mariana Islands",1992,5,0,"SPEHSIS"
"Northern Mariana Islands",1992,6,0,"SPEHSIS"
"Northern Mariana Islands",1992,7,0,"SPEHSIS"
"Northern Mariana Islands",1992,8,0,"SPEHSIS"
"Northern Mariana Islands",1992,9,0,"SPEHSIS"
"Northern Mariana Islands",1992,10,0,"SPEHSIS"
"Northern Mariana Islands",1992,11,0,"SPEHSIS"
"Northern Mariana Islands",1992,12,0,"SPEHSIS"
"Pitcairn Island",1992,1,0,"SPEHSIS"
"Pitcairn Island",1992,2,0,"SPEHSIS"
"Pitcairn Island",1992,3,0,"SPEHSIS"
"Pitcairn Island",1992,4,0,"SPEHSIS"
"Pitcairn Island",1992,5,0,"SPEHSIS"
"Pitcairn Island",1992,6,0,"SPEHSIS"
"Pitcairn Island",1992,7,0,"SPEHSIS"
"Pitcairn Island",1992,8,0,"SPEHSIS"
"Pitcairn Island",1992,9,0,"SPEHSIS"
"Pitcairn Island",1992,10,0,"SPEHSIS"
"Pitcairn Island",1992,11,0,"SPEHSIS"
"Pitcairn Island",1992,12,0,"SPEHSIS"
"Tokelau",1992,1,0,"SPEHSIS"
"Tokelau",1992,2,0,"SPEHSIS"
"Tokelau",1992,3,0,"SPEHSIS"
"Tokelau",1992,4,0,"SPEHSIS"
"Tokelau",1992,5,0,"SPEHSIS"
"Tokelau",1992,6,0,"SPEHSIS"
"Tokelau",1992,7,0,"SPEHSIS"
"Tokelau",1992,8,0,"SPEHSIS"
"Tokelau",1992,9,0,"SPEHSIS"
"Tokelau",1992,10,0,"SPEHSIS"
"Tokelau",1992,11,0,"SPEHSIS"
"Tokelau",1992,12,0,"SPEHSIS"
"Tonga",1992,1,6,"SPEHSIS"
"Tonga",1992,2,18,"SPEHSIS"
"Tonga",1992,3,6,"SPEHSIS"
"Tonga",1992,4,1,"SPEHSIS"
"Tonga",1992,5,0,"SPEHSIS"
"Tonga",1992,6,1,"SPEHSIS"
"Tonga",1992,7,1,"SPEHSIS"
"Tonga",1992,8,0,"SPEHSIS"
"Tonga",1992,9,0,"SPEHSIS"
"Tonga",1992,10,0,"SPEHSIS"
"Tonga",1992,11,1,"SPEHSIS"
"Tonga",1992,12,1,"SPEHSIS"
"Tuvalu",1992,1,0,"SPEHSIS"
"Tuvalu",1992,2,0,"SPEHSIS"
"Tuvalu",1992,3,0,"SPEHSIS"
"Tuvalu",1992,4,0,"SPEHSIS"
"Tuvalu",1992,5,2,"SPEHSIS"
"Tuvalu",1992,6,0,"SPEHSIS"
"Tuvalu",1992,7,322,"SPEHSIS"
"Tuvalu",1992,8,485,"SPEHSIS"
"Tuvalu",1992,9,2,"SPEHSIS"
"Tuvalu",1992,10,0,"SPEHSIS"
"Tuvalu",1992,11,0,"SPEHSIS"
"Tuvalu",1992,12,0,"SPEHSIS"
"Vanuatu",1992,1,7,"SPEHSIS"
"Vanuatu",1992,2,4,"SPEHSIS"
"Vanuatu",1992,3,2,"SPEHSIS"
"Vanuatu",1992,4,10,"SPEHSIS"
"Vanuatu",1992,5,15,"SPEHSIS"
"Vanuatu",1992,6,18,"SPEHSIS"
"Vanuatu",1992,7,27,"SPEHSIS"
"Vanuatu",1992,8,8,"SPEHSIS"
"Vanuatu",1992,9,7,"SPEHSIS"
"Vanuatu",1992,10,9,"SPEHSIS"
"Vanuatu",1992,11,1,"SPEHSIS"
"Vanuatu",1992,12,5,"SPEHSIS"
"Wallis and Futuna",1992,1,0,"SPEHSIS"
"Wallis and Futuna",1992,2,0,"SPEHSIS"
"Wallis and Futuna",1992,3,0,"SPEHSIS"
"Wallis and Futuna",1992,4,0,"SPEHSIS"
"Wallis and Futuna",1992,5,0,"SPEHSIS"
"Wallis and Futuna",1992,6,0,"SPEHSIS"
"Wallis and Futuna",1992,7,0,"SPEHSIS"
"Wallis and Futuna",1992,8,0,"SPEHSIS"
"Wallis and Futuna",1992,9,0,"SPEHSIS"
"Wallis and Futuna",1992,10,0,"SPEHSIS"
"Wallis and Futuna",1992,11,0,"SPEHSIS"
"Wallis and Futuna",1992,12,0,"SPEHSIS"
"Western Samoa",1992,1,0,"SPEHSIS"
"Western Samoa",1992,2,0,"SPEHSIS"
"Western Samoa",1992,3,0,"SPEHSIS"
"Western Samoa",1992,4,2,"SPEHSIS"
"Western Samoa",1992,5,1,"SPEHSIS"
"Western Samoa",1992,6,0,"SPEHSIS"
"Western Samoa",1992,7,0,"SPEHSIS"
"Western Samoa",1992,8,0,"SPEHSIS"
"Western Samoa",1992,9,0,"SPEHSIS"
"Western Samoa",1992,10,0,"SPEHSIS"
"Western Samoa",1992,11,0,"SPEHSIS"
"Western Samoa",1992,12,0,"SPEHSIS"
"American Samoa",1993,1,0,"SPEHSIS"
"American Samoa",1993,2,0,"SPEHSIS"
"American Samoa",1993,3,0,"SPEHSIS"
"American Samoa",1993,4,0,"SPEHSIS"
"American Samoa",1993,5,0,"SPEHSIS"
"American Samoa",1993,6,0,"SPEHSIS"
"American Samoa",1993,7,0,"SPEHSIS"
"American Samoa",1993,8,0,"SPEHSIS"
"American Samoa",1993,9,0,"SPEHSIS"
"American Samoa",1993,10,0,"SPEHSIS"
"American Samoa",1993,11,0,"SPEHSIS"
"American Samoa",1993,12,0,"SPEHSIS"
"Fiji",1993,1,0,"SPEHSIS"
"Fiji",1993,2,21,"SPEHSIS"
"Fiji",1993,3,0,"SPEHSIS"
"Fiji",1993,4,0,"SPEHSIS"
"Fiji",1993,5,0,"SPEHSIS"
"Fiji",1993,6,0,"SPEHSIS"
"Fiji",1993,7,1,"SPEHSIS"
"Fiji",1993,8,0,"SPEHSIS"
"Fiji",1993,9,0,"SPEHSIS"
"Fiji",1993,10,6,"SPEHSIS"
"Fiji",1993,11,11,"SPEHSIS"
"Fiji",1993,12,0,"SPEHSIS"
"French Polynesia",1993,1,40,"SPEHSIS"
"French Polynesia",1993,2,30,"SPEHSIS"
"French Polynesia",1993,3,51,"SPEHSIS"
"French Polynesia",1993,4,81,"SPEHSIS"
"French Polynesia",1993,5,30,"SPEHSIS"
"French Polynesia",1993,6,19,"SPEHSIS"
"French Polynesia",1993,7,20,"SPEHSIS"
"French Polynesia",1993,8,14,"SPEHSIS"
"French Polynesia",1993,9,23,"SPEHSIS"
"French Polynesia",1993,10,11,"SPEHSIS"
"French Polynesia",1993,11,12,"SPEHSIS"
"French Polynesia",1993,12,24,"SPEHSIS"
"Kiribati",1993,1,0,"SPEHSIS"
"Kiribati",1993,2,0,"SPEHSIS"
"Kiribati",1993,3,0,"SPEHSIS"
"Kiribati",1993,4,0,"SPEHSIS"
"Kiribati",1993,5,0,"SPEHSIS"
"Kiribati",1993,6,0,"SPEHSIS"
"Kiribati",1993,7,0,"SPEHSIS"
"Kiribati",1993,8,0,"SPEHSIS"
"Kiribati",1993,9,0,"SPEHSIS"
"Kiribati",1993,10,0,"SPEHSIS"
"Kiribati",1993,11,0,"SPEHSIS"
"Kiribati",1993,12,0,"SPEHSIS"
"New Caledonia",1993,1,0,"SPEHSIS"
"New Caledonia",1993,2,1,"SPEHSIS"
"New Caledonia",1993,3,1,"SPEHSIS"
"New Caledonia",1993,4,0,"SPEHSIS"
"New Caledonia",1993,5,0,"SPEHSIS"
"New Caledonia",1993,6,0,"SPEHSIS"
"New Caledonia",1993,7,0,"SPEHSIS"
"New Caledonia",1993,8,0,"SPEHSIS"
"New Caledonia",1993,9,0,"SPEHSIS"
"New Caledonia",1993,10,0,"SPEHSIS"
"New Caledonia",1993,11,0,"SPEHSIS"
"New Caledonia",1993,12,0,"SPEHSIS"
"Niue",1993,1,0,"SPEHSIS"
"Niue",1993,2,0,"SPEHSIS"
"Niue",1993,3,0,"SPEHSIS"
"Niue",1993,4,0,"SPEHSIS"
"Niue",1993,5,0,"SPEHSIS"
"Niue",1993,6,0,"SPEHSIS"
"Niue",1993,7,0,"SPEHSIS"
"Niue",1993,8,0,"SPEHSIS"
"Niue",1993,9,0,"SPEHSIS"
"Niue",1993,10,0,"SPEHSIS"
"Niue",1993,11,0,"SPEHSIS"
"Niue",1993,12,0,"SPEHSIS"
"Northern Mariana Islands",1993,1,0,"SPEHSIS"
"Northern Mariana Islands",1993,2,0,"SPEHSIS"
"Northern Mariana Islands",1993,3,0,"SPEHSIS"
"Northern Mariana Islands",1993,4,0,"SPEHSIS"
"Northern Mariana Islands",1993,5,0,"SPEHSIS"
"Northern Mariana Islands",1993,6,0,"SPEHSIS"
"Northern Mariana Islands",1993,7,0,"SPEHSIS"
"Northern Mariana Islands",1993,8,0,"SPEHSIS"
"Northern Mariana Islands",1993,9,0,"SPEHSIS"
"Northern Mariana Islands",1993,10,0,"SPEHSIS"
"Northern Mariana Islands",1993,11,0,"SPEHSIS"
"Northern Mariana Islands",1993,12,0,"SPEHSIS"
"Pitcairn Island",1993,1,0,"SPEHSIS"
"Pitcairn Island",1993,2,0,"SPEHSIS"
"Pitcairn Island",1993,3,0,"SPEHSIS"
"Pitcairn Island",1993,4,0,"SPEHSIS"
"Pitcairn Island",1993,5,0,"SPEHSIS"
"Pitcairn Island",1993,6,0,"SPEHSIS"
"Pitcairn Island",1993,7,0,"SPEHSIS"
"Pitcairn Island",1993,8,0,"SPEHSIS"
"Pitcairn Island",1993,9,0,"SPEHSIS"
"Pitcairn Island",1993,10,0,"SPEHSIS"
"Pitcairn Island",1993,11,0,"SPEHSIS"
"Pitcairn Island",1993,12,0,"SPEHSIS"
"Tokelau",1993,1,0,"SPEHSIS"
"Tokelau",1993,2,0,"SPEHSIS"
"Tokelau",1993,3,0,"SPEHSIS"
"Tokelau",1993,4,0,"SPEHSIS"
"Tokelau",1993,5,0,"SPEHSIS"
"Tokelau",1993,6,0,"SPEHSIS"
"Tokelau",1993,7,0,"SPEHSIS"
"Tokelau",1993,8,0,"SPEHSIS"
"Tokelau",1993,9,0,"SPEHSIS"
"Tokelau",1993,10,0,"SPEHSIS"
"Tokelau",1993,11,0,"SPEHSIS"
"Tokelau",1993,12,0,"SPEHSIS"
"Tonga",1993,1,6,"SPEHSIS"
"Tonga",1993,2,0,"SPEHSIS"
"Tonga",1993,3,1,"SPEHSIS"
"Tonga",1993,4,0,"SPEHSIS"
"Tonga",1993,5,0,"SPEHSIS"
"Tonga",1993,6,0,"SPEHSIS"
"Tonga",1993,7,1,"SPEHSIS"
"Tonga",1993,8,0,"SPEHSIS"
"Tonga",1993,9,0,"SPEHSIS"
"Tonga",1993,10,0,"SPEHSIS"
"Tonga",1993,11,0,"SPEHSIS"
"Tonga",1993,12,0,"SPEHSIS"
"Vanuatu",1993,1,0,"SPEHSIS"
"Vanuatu",1993,2,3,"SPEHSIS"
"Vanuatu",1993,3,11,"SPEHSIS"
"Vanuatu",1993,4,13,"SPEHSIS"
"Vanuatu",1993,5,0,"SPEHSIS"
"Vanuatu",1993,6,0,"SPEHSIS"
"Vanuatu",1993,7,0,"SPEHSIS"
"Vanuatu",1993,8,0,"SPEHSIS"
"Vanuatu",1993,9,0,"SPEHSIS"
"Vanuatu",1993,10,0,"SPEHSIS"
"Vanuatu",1993,11,0,"SPEHSIS"
"Vanuatu",1993,12,0,"SPEHSIS"
"Wallis and Futuna",1993,1,0,"SPEHSIS"
"Wallis and Futuna",1993,2,0,"SPEHSIS"
"Wallis and Futuna",1993,3,0,"SPEHSIS"
"Wallis and Futuna",1993,4,0,"SPEHSIS"
"Wallis and Futuna",1993,5,0,"SPEHSIS"
"Wallis and Futuna",1993,6,0,"SPEHSIS"
"Wallis and Futuna",1993,7,0,"SPEHSIS"
"Wallis and Futuna",1993,8,0,"SPEHSIS"
"Wallis and Futuna",1993,9,0,"SPEHSIS"
"Wallis and Futuna",1993,10,0,"SPEHSIS"
"Wallis and Futuna",1993,11,0,"SPEHSIS"
"Wallis and Futuna",1993,12,0,"SPEHSIS"
"Western Samoa",1993,1,0,"SPEHSIS"
"Western Samoa",1993,2,0,"SPEHSIS"
"Western Samoa",1993,3,1,"SPEHSIS"
"Western Samoa",1993,4,0,"SPEHSIS"
"Western Samoa",1993,5,1,"SPEHSIS"
"Western Samoa",1993,6,0,"SPEHSIS"
"Western Samoa",1993,7,0,"SPEHSIS"
"Western Samoa",1993,8,0,"SPEHSIS"
"Western Samoa",1993,9,0,"SPEHSIS"
"Western Samoa",1993,10,0,"SPEHSIS"
"Western Samoa",1993,11,0,"SPEHSIS"
"Western Samoa",1993,12,0,"SPEHSIS"
"American Samoa",1994,1,0,"SPEHSIS"
"American Samoa",1994,2,0,"SPEHSIS"
"American Samoa",1994,3,0,"SPEHSIS"
"American Samoa",1994,4,0,"SPEHSIS"
"American Samoa",1994,5,0,"SPEHSIS"
"American Samoa",1994,6,0,"SPEHSIS"
"American Samoa",1994,7,0,"SPEHSIS"
"American Samoa",1994,8,0,"SPEHSIS"
"American Samoa",1994,9,0,"SPEHSIS"
"American Samoa",1994,10,0,"SPEHSIS"
"American Samoa",1994,11,0,"SPEHSIS"
"American Samoa",1994,12,0,"SPEHSIS"
"Cook Islands",1994,1,0,"SPEHSIS"
"Cook Islands",1994,2,0,"SPEHSIS"
"Cook Islands",1994,3,0,"SPEHSIS"
"Cook Islands",1994,4,1,"SPEHSIS"
"Cook Islands",1994,5,0,"SPEHSIS"
"Cook Islands",1994,6,0,"SPEHSIS"
"Cook Islands",1994,7,0,"SPEHSIS"
"Cook Islands",1994,8,0,"SPEHSIS"
"Cook Islands",1994,9,0,"SPEHSIS"
"Cook Islands",1994,10,0,"SPEHSIS"
"Cook Islands",1994,11,0,"SPEHSIS"
"Cook Islands",1994,12,0,"SPEHSIS"
"Fiji",1994,1,0,"SPEHSIS"
"Fiji",1994,2,0,"SPEHSIS"
"Fiji",1994,3,6,"SPEHSIS"
"Fiji",1994,4,9,"SPEHSIS"
"Fiji",1994,5,0,"SPEHSIS"
"Fiji",1994,6,0,"SPEHSIS"
"Fiji",1994,7,0,"SPEHSIS"
"Fiji",1994,8,0,"SPEHSIS"
"Fiji",1994,9,0,"SPEHSIS"
"Fiji",1994,10,1,"SPEHSIS"
"Fiji",1994,11,0,"SPEHSIS"
"Fiji",1994,12,1,"SPEHSIS"
"French Polynesia",1994,1,9,"SPEHSIS"
"French Polynesia",1994,2,10,"SPEHSIS"
"French Polynesia",1994,3,16,"SPEHSIS"
"French Polynesia",1994,4,11,"SPEHSIS"
"French Polynesia",1994,5,6,"SPEHSIS"
"French Polynesia",1994,6,6,"SPEHSIS"
"French Polynesia",1994,7,20,"SPEHSIS"
"French Polynesia",1994,8,11,"SPEHSIS"
"French Polynesia",1994,9,14,"SPEHSIS"
"French Polynesia",1994,11,20,"SPEHSIS"
"French Polynesia",1994,12,11,"SPEHSIS"
"Nauru",1994,1,0,"SPEHSIS"
"Nauru",1994,2,0,"SPEHSIS"
"Nauru",1994,3,0,"SPEHSIS"
"Nauru",1994,4,0,"SPEHSIS"
"Nauru",1994,5,0,"SPEHSIS"
"Nauru",1994,6,0,"SPEHSIS"
"New Caledonia",1994,1,0,"SPEHSIS"
"New Caledonia",1994,2,0,"SPEHSIS"
"New Caledonia",1994,3,0,"SPEHSIS"
"New Caledonia",1994,4,0,"SPEHSIS"
"New Caledonia",1994,5,0,"SPEHSIS"
"New Caledonia",1994,6,0,"SPEHSIS"
"New Caledonia",1994,7,0,"SPEHSIS"
"New Caledonia",1994,8,0,"SPEHSIS"
"New Caledonia",1994,9,0,"SPEHSIS"
"New Caledonia",1994,10,1,"SPEHSIS"
"New Caledonia",1994,11,2,"SPEHSIS"
"New Caledonia",1994,12,3,"SPEHSIS"
"Niue",1994,1,0,"SPEHSIS"
"Niue",1994,2,0,"SPEHSIS"
"Niue",1994,3,0,"SPEHSIS"
"Niue",1994,4,0,"SPEHSIS"
"Niue",1994,5,0,"SPEHSIS"
"Niue",1994,6,0,"SPEHSIS"
"Northern Mariana Islands",1994,1,0,"SPEHSIS"
"Northern Mariana Islands",1994,2,0,"SPEHSIS"
"Northern Mariana Islands",1994,3,0,"SPEHSIS"
"Northern Mariana Islands",1994,4,0,"SPEHSIS"
"Northern Mariana Islands",1994,5,0,"SPEHSIS"
"Northern Mariana Islands",1994,6,0,"SPEHSIS"
"Northern Mariana Islands",1994,7,0,"SPEHSIS"
"Northern Mariana Islands",1994,8,0,"SPEHSIS"
"Northern Mariana Islands",1994,9,0,"SPEHSIS"
"Northern Mariana Islands",1994,10,0,"SPEHSIS"
"Northern Mariana Islands",1994,11,0,"SPEHSIS"
"Northern Mariana Islands",1994,12,0,"SPEHSIS"
"Palau",1994,1,0,"SPEHSIS"
"Palau",1994,2,0,"SPEHSIS"
"Palau",1994,3,0,"SPEHSIS"
"Palau",1994,4,0,"SPEHSIS"
"Palau",1994,5,0,"SPEHSIS"
"Palau",1994,6,0,"SPEHSIS"
"Palau",1994,7,0,"SPEHSIS"
"Palau",1994,8,0,"SPEHSIS"
"Palau",1994,9,0,"SPEHSIS"
"Palau",1994,10,0,"SPEHSIS"
"Palau",1994,11,0,"SPEHSIS"
"Palau",1994,12,0,"SPEHSIS"
"Pitcairn Island",1994,1,0,"SPEHSIS"
"Pitcairn Island",1994,2,0,"SPEHSIS"
"Pitcairn Island",1994,3,0,"SPEHSIS"
"Pitcairn Island",1994,4,0,"SPEHSIS"
"Pitcairn Island",1994,5,0,"SPEHSIS"
"Pitcairn Island",1994,6,0,"SPEHSIS"
"Pitcairn Island",1994,7,0,"SPEHSIS"
"Pitcairn Island",1994,8,0,"SPEHSIS"
"Pitcairn Island",1994,9,0,"SPEHSIS"
"Pitcairn Island",1994,10,0,"SPEHSIS"
"Pitcairn Island",1994,11,0,"SPEHSIS"
"Pitcairn Island",1994,12,0,"SPEHSIS"
"Tokelau",1994,1,0,"SPEHSIS"
"Tokelau",1994,2,0,"SPEHSIS"
"Tokelau",1994,4,0,"SPEHSIS"
"Tokelau",1994,5,0,"SPEHSIS"
"Tokelau",1994,6,0,"SPEHSIS"
"Tonga",1994,1,0,"SPEHSIS"
"Tonga",1994,2,0,"SPEHSIS"
"Tonga",1994,3,0,"SPEHSIS"
"Tonga",1994,4,0,"SPEHSIS"
"Tonga",1994,5,0,"SPEHSIS"
"Tonga",1994,6,0,"SPEHSIS"
"Tonga",1994,7,0,"SPEHSIS"
"Tonga",1994,8,0,"SPEHSIS"
"Tonga",1994,9,0,"SPEHSIS"
"Tonga",1994,10,0,"SPEHSIS"
"Tonga",1994,11,0,"SPEHSIS"
"Tonga",1994,12,0,"SPEHSIS"
"Tuvalu",1994,1,0,"SPEHSIS"
"Tuvalu",1994,2,0,"SPEHSIS"
"Tuvalu",1994,3,0,"SPEHSIS"
"Tuvalu",1994,4,0,"SPEHSIS"
"Tuvalu",1994,5,0,"SPEHSIS"
"Tuvalu",1994,6,0,"SPEHSIS"
"Tuvalu",1994,7,0,"SPEHSIS"
"Tuvalu",1994,8,0,"SPEHSIS"
"Tuvalu",1994,9,0,"SPEHSIS"
"Tuvalu",1994,10,0,"SPEHSIS"
"Tuvalu",1994,11,0,"SPEHSIS"
"Tuvalu",1994,12,0,"SPEHSIS"
"Vanuatu",1994,1,10,"SPEHSIS"
"Vanuatu",1994,2,25,"SPEHSIS"
"Vanuatu",1994,3,8,"SPEHSIS"
"Vanuatu",1994,4,5,"SPEHSIS"
"Vanuatu",1994,5,2,"SPEHSIS"
"Vanuatu",1994,6,15,"SPEHSIS"
"Vanuatu",1994,8,69,"SPEHSIS"
"Vanuatu",1994,10,3,"SPEHSIS"
"Vanuatu",1994,12,1,"SPEHSIS"
"Wallis and Futuna",1994,1,0,"SPEHSIS"
"Wallis and Futuna",1994,2,0,"SPEHSIS"
"Wallis and Futuna",1994,3,0,"SPEHSIS"
"Wallis and Futuna",1994,4,0,"SPEHSIS"
"Wallis and Futuna",1994,5,0,"SPEHSIS"
"Wallis and Futuna",1994,6,0,"SPEHSIS"
"Wallis and Futuna",1994,7,0,"SPEHSIS"
"Wallis and Futuna",1994,8,0,"SPEHSIS"
"Wallis and Futuna",1994,9,0,"SPEHSIS"
"Wallis and Futuna",1994,10,0,"SPEHSIS"
"Wallis and Futuna",1994,11,0,"SPEHSIS"
"Wallis and Futuna",1994,12,0,"SPEHSIS"
"Western Samoa",1994,1,0,"SPEHSIS"
"Western Samoa",1994,2,0,"SPEHSIS"
"Western Samoa",1994,3,0,"SPEHSIS"
"Western Samoa",1994,4,0,"SPEHSIS"
"Western Samoa",1994,5,0,"SPEHSIS"
"Western Samoa",1994,6,0,"SPEHSIS"
"Western Samoa",1994,7,0,"SPEHSIS"
"Western Samoa",1994,8,0,"SPEHSIS"
"Western Samoa",1994,9,0,"SPEHSIS"
"Western Samoa",1994,10,0,"SPEHSIS"
"Western Samoa",1994,11,0,"SPEHSIS"
"Western Samoa",1994,12,0,"SPEHSIS"
"American Samoa",1995,1,0,"SPEHSIS"
"American Samoa",1995,2,0,"SPEHSIS"
"American Samoa",1995,3,0,"SPEHSIS"
"American Samoa",1995,4,0,"SPEHSIS"
"American Samoa",1995,5,0,"SPEHSIS"
"American Samoa",1995,6,0,"SPEHSIS"
"American Samoa",1995,7,0,"SPEHSIS"
"American Samoa",1995,8,0,"SPEHSIS"
"American Samoa",1995,9,0,"SPEHSIS"
"American Samoa",1995,10,28,"SPEHSIS"
"American Samoa",1995,11,34,"SPEHSIS"
"American Samoa",1995,12,184,"SPEHSIS"
"Cook Islands",1995,1,0,"SPEHSIS"
"Cook Islands",1995,2,20,"SPEHSIS"
"Cook Islands",1995,3,140,"SPEHSIS"
"Cook Islands",1995,4,222,"SPEHSIS"
"Cook Islands",1995,5,361,"SPEHSIS"
"Cook Islands",1995,6,34,"SPEHSIS"
"Cook Islands",1995,7,7,"SPEHSIS"
"Cook Islands",1995,8,2,"SPEHSIS"
"Cook Islands",1995,9,0,"SPEHSIS"
"Cook Islands",1995,10,0,"SPEHSIS"
"Cook Islands",1995,11,0,"SPEHSIS"
"Cook Islands",1995,12,0,"SPEHSIS"
"Fed. States of Micronesia",1995,1,0,"SPEHSIS"
"Fed. States of Micronesia",1995,2,0,"SPEHSIS"
"Fed. States of Micronesia",1995,3,0,"SPEHSIS"
"Fed. States of Micronesia",1995,4,1,"SPEHSIS"
"Fed. States of Micronesia",1995,5,19,"SPEHSIS"
"Fed. States of Micronesia",1995,6,36,"SPEHSIS"
"Fed. States of Micronesia",1995,7,1,"SPEHSIS"
"Fed. States of Micronesia",1995,8,9,"SPEHSIS"
"Fed. States of Micronesia",1995,9,0,"SPEHSIS"
"Fed. States of Micronesia",1995,10,0,"SPEHSIS"
"Fed. States of Micronesia",1995,11,0,"SPEHSIS"
"Fed. States of Micronesia",1995,12,0,"SPEHSIS"
"Fiji",1995,1,7,"SPEHSIS"
"Fiji",1995,2,13,"SPEHSIS"
"Fiji",1995,3,7,"SPEHSIS"
"Fiji",1995,4,3,"SPEHSIS"
"Fiji",1995,5,0,"SPEHSIS"
"Fiji",1995,6,0,"SPEHSIS"
"Fiji",1995,7,0,"SPEHSIS"
"Fiji",1995,8,0,"SPEHSIS"
"Fiji",1995,9,0,"SPEHSIS"
"Fiji",1995,10,0,"SPEHSIS"
"Fiji",1995,11,1,"SPEHSIS"
"French Polynesia",1995,1,13,"SPEHSIS"
"French Polynesia",1995,2,12,"SPEHSIS"
"French Polynesia",1995,3,33,"SPEHSIS"
"French Polynesia",1995,4,28,"SPEHSIS"
"French Polynesia",1995,5,38,"SPEHSIS"
"French Polynesia",1995,6,5,"SPEHSIS"
"French Polynesia",1995,7,43,"SPEHSIS"
"French Polynesia",1995,8,15,"SPEHSIS"
"French Polynesia",1995,9,7,"SPEHSIS"
"French Polynesia",1995,10,2,"SPEHSIS"
"French Polynesia",1995,11,5,"SPEHSIS"
"French Polynesia",1995,12,5,"SPEHSIS"
"Guam",1995,1,0,"SPEHSIS"
"Guam",1995,2,0,"SPEHSIS"
"Guam",1995,3,0,"SPEHSIS"
"Guam",1995,4,0,"SPEHSIS"
"Guam",1995,5,0,"SPEHSIS"
"Guam",1995,6,0,"SPEHSIS"
"Guam",1995,7,0,"SPEHSIS"
"Guam",1995,8,0,"SPEHSIS"
"Guam",1995,9,0,"SPEHSIS"
"Guam",1995,10,0,"SPEHSIS"
"Guam",1995,11,0,"SPEHSIS"
"Guam",1995,12,0,"SPEHSIS"
"Kiribati",1995,1,0,"SPEHSIS"
"Kiribati",1995,2,0,"SPEHSIS"
"Kiribati",1995,3,0,"SPEHSIS"
"Kiribati",1995,4,0,"SPEHSIS"
"Kiribati",1995,5,0,"SPEHSIS"
"Kiribati",1995,6,0,"SPEHSIS"
"Kiribati",1995,7,0,"SPEHSIS"
"Kiribati",1995,8,0,"SPEHSIS"
"Kiribati",1995,9,0,"SPEHSIS"
"Kiribati",1995,10,0,"SPEHSIS"
"Kiribati",1995,11,0,"SPEHSIS"
"Kiribati",1995,12,0,"SPEHSIS"
"Marshall Islands",1995,1,0,"SPEHSIS"
"Marshall Islands",1995,2,0,"SPEHSIS"
"Marshall Islands",1995,3,0,"SPEHSIS"
"Marshall Islands",1995,4,0,"SPEHSIS"
"Marshall Islands",1995,5,0,"SPEHSIS"
"Marshall Islands",1995,6,0,"SPEHSIS"
"Marshall Islands",1995,7,0,"SPEHSIS"
"Marshall Islands",1995,8,0,"SPEHSIS"
"Marshall Islands",1995,9,0,"SPEHSIS"
"Marshall Islands",1995,10,0,"SPEHSIS"
"Marshall Islands",1995,11,0,"SPEHSIS"
"Marshall Islands",1995,12,0,"SPEHSIS"
"New Caledonia",1995,1,34,"SPEHSIS"
"New Caledonia",1995,2,254,"SPEHSIS"
"New Caledonia",1995,3,235,"SPEHSIS"
"New Caledonia",1995,4,367,"SPEHSIS"
"New Caledonia",1995,5,490,"SPEHSIS"
"New Caledonia",1995,6,286,"SPEHSIS"
"New Caledonia",1995,7,102,"SPEHSIS"
"New Caledonia",1995,8,54,"SPEHSIS"
"New Caledonia",1995,9,18,"SPEHSIS"
"New Caledonia",1995,10,12,"SPEHSIS"
"New Caledonia",1995,11,12,"SPEHSIS"
"New Caledonia",1995,12,47,"SPEHSIS"
"Niue",1995,1,0,"SPEHSIS"
"Niue",1995,2,0,"SPEHSIS"
"Niue",1995,3,0,"SPEHSIS"
"Niue",1995,4,0,"SPEHSIS"
"Niue",1995,5,0,"SPEHSIS"
"Niue",1995,6,0,"SPEHSIS"
"Niue",1995,7,0,"SPEHSIS"
"Niue",1995,8,0,"SPEHSIS"
"Niue",1995,9,0,"SPEHSIS"
"Niue",1995,10,0,"SPEHSIS"
"Niue",1995,11,0,"SPEHSIS"
"Niue",1995,12,0,"SPEHSIS"
"Northern Mariana Islands",1995,1,0,"SPEHSIS"
"Northern Mariana Islands",1995,3,0,"SPEHSIS"
"Palau",1995,1,1,"SPEHSIS"
"Palau",1995,2,5,"SPEHSIS"
"Palau",1995,3,10,"SPEHSIS"
"Palau",1995,4,123,"SPEHSIS"
"Palau",1995,5,61,"SPEHSIS"
"Palau",1995,6,1,"SPEHSIS"
"Palau",1995,7,0,"SPEHSIS"
"Palau",1995,8,0,"SPEHSIS"
"Palau",1995,9,0,"SPEHSIS"
"Palau",1995,10,0,"SPEHSIS"
"Palau",1995,11,1,"SPEHSIS"
"Palau",1995,12,0,"SPEHSIS"
"Pitcairn Island",1995,1,0,"SPEHSIS"
"Pitcairn Island",1995,2,0,"SPEHSIS"
"Pitcairn Island",1995,3,0,"SPEHSIS"
"Pitcairn Island",1995,4,0,"SPEHSIS"
"Pitcairn Island",1995,5,0,"SPEHSIS"
"Pitcairn Island",1995,6,0,"SPEHSIS"
"Pitcairn Island",1995,7,0,"SPEHSIS"
"Pitcairn Island",1995,8,0,"SPEHSIS"
"Pitcairn Island",1995,9,0,"SPEHSIS"
"Pitcairn Island",1995,10,0,"SPEHSIS"
"Pitcairn Island",1995,11,0,"SPEHSIS"
"Pitcairn Island",1995,12,0,"SPEHSIS"
"Vanuatu",1995,1,2,"SPEHSIS"
"Vanuatu",1995,2,2,"SPEHSIS"
"Vanuatu",1995,3,27,"SPEHSIS"
"Vanuatu",1995,4,0,"SPEHSIS"
"Vanuatu",1995,5,0,"SPEHSIS"
"Vanuatu",1995,6,8,"SPEHSIS"
"Vanuatu",1995,7,3,"SPEHSIS"
"Vanuatu",1995,8,7,"SPEHSIS"
"Vanuatu",1995,9,24,"SPEHSIS"
"Vanuatu",1995,10,11,"SPEHSIS"
"Vanuatu",1995,11,7,"SPEHSIS"
"Vanuatu",1995,12,9,"SPEHSIS"
"Wallis and Futuna",1995,1,0,"SPEHSIS"
"Wallis and Futuna",1995,2,1,"SPEHSIS"
"Wallis and Futuna",1995,3,0,"SPEHSIS"
"Wallis and Futuna",1995,4,2,"SPEHSIS"
"Wallis and Futuna",1995,5,0,"SPEHSIS"
"Wallis and Futuna",1995,6,0,"SPEHSIS"
"Wallis and Futuna",1995,7,0,"SPEHSIS"
"Wallis and Futuna",1995,9,0,"SPEHSIS"
"Wallis and Futuna",1995,10,0,"SPEHSIS"
"Wallis and Futuna",1995,11,0,"SPEHSIS"
"Wallis and Futuna",1995,12,0,"SPEHSIS"
"Western Samoa",1995,1,0,"SPEHSIS"
"Western Samoa",1995,2,0,"SPEHSIS"
"Western Samoa",1995,3,0,"SPEHSIS"
"Western Samoa",1995,4,0,"SPEHSIS"
"Western Samoa",1995,5,0,"SPEHSIS"
"Western Samoa",1995,6,0,"SPEHSIS"
"Western Samoa",1995,7,0,"SPEHSIS"
"Western Samoa",1995,8,0,"SPEHSIS"
"Western Samoa",1995,9,0,"SPEHSIS"
"Western Samoa",1995,10,4,"SPEHSIS"
"Western Samoa",1995,11,120,"SPEHSIS"
"Western Samoa",1995,12,264,"SPEHSIS"
"Cook Islands",1996,1,0,"SPEHSIS"
"Cook Islands",1996,2,1,"SPEHSIS"
"Cook Islands",1996,3,0,"SPEHSIS"
"Cook Islands",1996,4,0,"SPEHSIS"
"Cook Islands",1996,5,0,"SPEHSIS"
"Cook Islands",1996,6,0,"SPEHSIS"
"Cook Islands",1996,7,0,"SPEHSIS"
"Cook Islands",1996,8,0,"SPEHSIS"
"Cook Islands",1996,9,0,"SPEHSIS"
"Cook Islands",1996,10,0,"SPEHSIS"
"Cook Islands",1996,11,0,"SPEHSIS"
"Cook Islands",1996,12,1,"SPEHSIS"
"Fed. States of Micronesia",1996,1,0,"SPEHSIS"
"Fed. States of Micronesia",1996,2,0,"SPEHSIS"
"Fed. States of Micronesia",1996,3,0,"SPEHSIS"
"Fed. States of Micronesia",1996,4,1,"SPEHSIS"
"Fed. States of Micronesia",1996,5,19,"SPEHSIS"
"Fed. States of Micronesia",1996,6,36,"SPEHSIS"
"Fed. States of Micronesia",1996,7,3,"SPEHSIS"
"Fed. States of Micronesia",1996,8,3,"SPEHSIS"
"Fed. States of Micronesia",1996,9,0,"SPEHSIS"
"Fed. States of Micronesia",1996,10,0,"SPEHSIS"
"Fed. States of Micronesia",1996,11,0,"SPEHSIS"
"Fed. States of Micronesia",1996,12,0,"SPEHSIS"
"Fiji",1996,1,0,"SPEHSIS"
"Fiji",1996,2,0,"SPEHSIS"
"Fiji",1996,3,2,"SPEHSIS"
"Fiji",1996,4,0,"SPEHSIS"
"Fiji",1996,5,0,"SPEHSIS"
"Fiji",1996,6,0,"SPEHSIS"
"Fiji",1996,7,0,"SPEHSIS"
"Fiji",1996,8,0,"SPEHSIS"
"Fiji",1996,9,0,"SPEHSIS"
"Fiji",1996,10,0,"SPEHSIS"
"Fiji",1996,11,0,"SPEHSIS"
"Fiji",1996,12,0,"SPEHSIS"
"French Polynesia",1996,1,5,"SPEHSIS"
"French Polynesia",1996,2,3,"SPEHSIS"
"French Polynesia",1996,3,14,"SPEHSIS"
"French Polynesia",1996,4,20,"SPEHSIS"
"French Polynesia",1996,5,11,"SPEHSIS"
"French Polynesia",1996,6,12,"SPEHSIS"
"French Polynesia",1996,7,5,"SPEHSIS"
"French Polynesia",1996,8,9,"SPEHSIS"
"French Polynesia",1996,9,101,"SPEHSIS"
"French Polynesia",1996,10,104,"SPEHSIS"
"French Polynesia",1996,11,66,"SPEHSIS"
"French Polynesia",1996,12,227,"SPEHSIS"
"Guam",1996,1,0,"SPEHSIS"
"Guam",1996,2,0,"SPEHSIS"
"Guam",1996,3,0,"SPEHSIS"
"Guam",1996,4,0,"SPEHSIS"
"Guam",1996,5,0,"SPEHSIS"
"Guam",1996,6,0,"SPEHSIS"
"Guam",1996,7,0,"SPEHSIS"
"Guam",1996,8,0,"SPEHSIS"
"Guam",1996,9,0,"SPEHSIS"
"Guam",1996,10,0,"SPEHSIS"
"Guam",1996,11,0,"SPEHSIS"
"Guam",1996,12,0,"SPEHSIS"
"Kiribati",1996,1,0,"SPEHSIS"
"Kiribati",1996,2,0,"SPEHSIS"
"Kiribati",1996,3,0,"SPEHSIS"
"Kiribati",1996,4,0,"SPEHSIS"
"Kiribati",1996,5,0,"SPEHSIS"
"Kiribati",1996,6,0,"SPEHSIS"
"Kiribati",1996,7,0,"SPEHSIS"
"Kiribati",1996,8,0,"SPEHSIS"
"Kiribati",1996,9,0,"SPEHSIS"
"Kiribati",1996,10,0,"SPEHSIS"
"Kiribati",1996,11,0,"SPEHSIS"
"Kiribati",1996,12,0,"SPEHSIS"
"Marshall Islands",1996,1,0,"SPEHSIS"
"Marshall Islands",1996,2,0,"SPEHSIS"
"Marshall Islands",1996,3,0,"SPEHSIS"
"Marshall Islands",1996,4,0,"SPEHSIS"
"Marshall Islands",1996,5,0,"SPEHSIS"
"Marshall Islands",1996,6,0,"SPEHSIS"
"Marshall Islands",1996,7,0,"SPEHSIS"
"Marshall Islands",1996,8,0,"SPEHSIS"
"Marshall Islands",1996,9,0,"SPEHSIS"
"Marshall Islands",1996,10,0,"SPEHSIS"
"Marshall Islands",1996,11,0,"SPEHSIS"
"Marshall Islands",1996,12,0,"SPEHSIS"
"New Caledonia",1996,1,240,"SPEHSIS"
"New Caledonia",1996,2,265,"SPEHSIS"
"New Caledonia",1996,3,441,"SPEHSIS"
"New Caledonia",1996,4,721,"SPEHSIS"
"New Caledonia",1996,5,291,"SPEHSIS"
"New Caledonia",1996,6,102,"SPEHSIS"
"New Caledonia",1996,7,31,"SPEHSIS"
"New Caledonia",1996,8,2,"SPEHSIS"
"New Caledonia",1996,9,7,"SPEHSIS"
"New Caledonia",1996,10,9,"SPEHSIS"
"New Caledonia",1996,11,8,"SPEHSIS"
"New Caledonia",1996,12,4,"SPEHSIS"
"Niue",1996,1,0,"SPEHSIS"
"Niue",1996,2,0,"SPEHSIS"
"Niue",1996,3,0,"SPEHSIS"
"Niue",1996,4,0,"SPEHSIS"
"Niue",1996,5,0,"SPEHSIS"
"Niue",1996,6,0,"SPEHSIS"
"Niue",1996,7,0,"SPEHSIS"
"Niue",1996,8,0,"SPEHSIS"
"Niue",1996,9,0,"SPEHSIS"
"Niue",1996,10,0,"SPEHSIS"
"Niue",1996,11,0,"SPEHSIS"
"Niue",1996,12,0,"SPEHSIS"
"Palau",1996,1,0,"SPEHSIS"
"Palau",1996,2,0,"SPEHSIS"
"Palau",1996,3,0,"SPEHSIS"
"Palau",1996,4,0,"SPEHSIS"
"Palau",1996,5,0,"SPEHSIS"
"Palau",1996,6,0,"SPEHSIS"
"Palau",1996,7,1,"SPEHSIS"
"Palau",1996,8,0,"SPEHSIS"
"Palau",1996,9,0,"SPEHSIS"
"Palau",1996,10,0,"SPEHSIS"
"Palau",1996,11,0,"SPEHSIS"
"Palau",1996,12,0,"SPEHSIS"
"Pitcairn Island",1996,1,0,"SPEHSIS"
"Pitcairn Island",1996,2,0,"SPEHSIS"
"Pitcairn Island",1996,3,0,"SPEHSIS"
"Pitcairn Island",1996,4,0,"SPEHSIS"
"Pitcairn Island",1996,5,0,"SPEHSIS"
"Pitcairn Island",1996,6,0,"SPEHSIS"
"Pitcairn Island",1996,7,0,"SPEHSIS"
"Pitcairn Island",1996,8,0,"SPEHSIS"
"Pitcairn Island",1996,9,0,"SPEHSIS"
"Pitcairn Island",1996,10,0,"SPEHSIS"
"Pitcairn Island",1996,11,0,"SPEHSIS"
"Pitcairn Island",1996,12,0,"SPEHSIS"
"Tokelau",1996,1,0,"SPEHSIS"
"Tokelau",1996,2,0,"SPEHSIS"
"Tokelau",1996,3,6,"SPEHSIS"
"Tokelau",1996,4,0,"SPEHSIS"
"Tokelau",1996,5,0,"SPEHSIS"
"Tokelau",1996,6,0,"SPEHSIS"
"Tokelau",1996,7,0,"SPEHSIS"
"Tokelau",1996,8,0,"SPEHSIS"
"Tokelau",1996,9,0,"SPEHSIS"
"Tonga",1996,1,0,"SPEHSIS"
"Tonga",1996,2,2,"SPEHSIS"
"Tonga",1996,3,0,"SPEHSIS"
"Tonga",1996,4,0,"SPEHSIS"
"Tonga",1996,5,0,"SPEHSIS"
"Tonga",1996,6,0,"SPEHSIS"
"Tonga",1996,7,0,"SPEHSIS"
"Tonga",1996,8,0,"SPEHSIS"
"Tonga",1996,9,0,"SPEHSIS"
"Tonga",1996,10,0,"SPEHSIS"
"Tonga",1996,11,0,"SPEHSIS"
"Tonga",1996,12,0,"SPEHSIS"
"Tuvalu",1996,1,0,"SPEHSIS"
"Tuvalu",1996,2,0,"SPEHSIS"
"Tuvalu",1996,3,0,"SPEHSIS"
"Tuvalu",1996,4,0,"SPEHSIS"
"Tuvalu",1996,5,0,"SPEHSIS"
"Tuvalu",1996,6,0,"SPEHSIS"
"Tuvalu",1996,7,0,"SPEHSIS"
"Tuvalu",1996,8,0,"SPEHSIS"
"Tuvalu",1996,9,0,"SPEHSIS"
"Tuvalu",1996,10,0,"SPEHSIS"
"Tuvalu",1996,11,0,"SPEHSIS"
"Tuvalu",1996,12,0,"SPEHSIS"
"Vanuatu",1996,1,8,"SPEHSIS"
"Vanuatu",1996,2,2,"SPEHSIS"
"Vanuatu",1996,3,0,"SPEHSIS"
"Vanuatu",1996,4,0,"SPEHSIS"
"Vanuatu",1996,5,0,"SPEHSIS"
"Vanuatu",1996,6,0,"SPEHSIS"
"Vanuatu",1996,7,1,"SPEHSIS"
"Vanuatu",1996,8,0,"SPEHSIS"
"Vanuatu",1996,9,0,"SPEHSIS"
"Vanuatu",1996,10,0,"SPEHSIS"
"Vanuatu",1996,11,2,"SPEHSIS"
"Vanuatu",1996,12,6,"SPEHSIS"
"Wallis and Futuna",1996,1,0,"SPEHSIS"
"Wallis and Futuna",1996,2,0,"SPEHSIS"
"Wallis and Futuna",1996,3,0,"SPEHSIS"
"Wallis and Futuna",1996,4,0,"SPEHSIS"
"Wallis and Futuna",1996,5,0,"SPEHSIS"
"Wallis and Futuna",1996,6,0,"SPEHSIS"
"Wallis and Futuna",1996,7,0,"SPEHSIS"
"Wallis and Futuna",1996,8,0,"SPEHSIS"
"Wallis and Futuna",1996,9,0,"SPEHSIS"
"Wallis and Futuna",1996,10,0,"SPEHSIS"
"Wallis and Futuna",1996,11,0,"SPEHSIS"
"Wallis and Futuna",1996,12,0,"SPEHSIS"
"Western Samoa",1996,1,637,"SPEHSIS"
"Western Samoa",1996,2,253,"SPEHSIS"
"Western Samoa",1996,3,74,"SPEHSIS"
"Western Samoa",1996,4,22,"SPEHSIS"
"Western Samoa",1996,5,7,"SPEHSIS"
"Western Samoa",1996,6,1,"SPEHSIS"
"Western Samoa",1996,7,4,"SPEHSIS"
"Western Samoa",1996,8,0,"SPEHSIS"
"Western Samoa",1996,9,0,"SPEHSIS"
"Western Samoa",1996,10,1,"SPEHSIS"
"Western Samoa",1996,11,3,"SPEHSIS"
"Western Samoa",1996,12,4,"SPEHSIS"
